"","az","date","senat","Anordnung","link","kammer","r1","r2","r3","r1_f","r2_f","r3_f","gv","ersetzt","ersatz","konform","c_nach_gversatz","crit","whichgv","gv_mod","real_c","drop","gv_viol"
"4697","1BvR851/87",1998-07-08,1,0,"http://www.bundesverfassungsgericht.de/SharedDocs/Entscheidungen/DE/1998/07/rk19980708_1bvr085187.html;jsessionid=F12AC20374B5AEEF7A3F62CBD168BFA0.2_cid370",1,"Papier","Grimm","Haas","Papier","Grimm","Hömig","Haas Seibert Steiner Jaeger Kühling","Hömig","Haas","Papier Grimm Haas",1,0,"1","Haas Steiner Jaeger Kühling",1,FALSE,0
"581","1BvR1435/98",1998-08-25,1,1,"http://www.bundesverfassungsgericht.de/SharedDocs/Entscheidungen/DE/1998/08/rk19980825_1bvr143598.html;jsessionid=D2141354F44A678AD2638E38D2CAE485.2_cid392",1,"Papier","Grimm","Steiner","Papier","Grimm","Hömig","Haas Seibert Steiner Jaeger Kühling","Hömig","Steiner","Papier Grimm Haas",1,0,"2","Haas Steiner Jaeger Kühling",1,FALSE,1
"4660","1BvQ5/00",2000-03-12,1,1,"http://www.bundesverfassungsgericht.de/SharedDocs/Entscheidungen/DE/2000/03/qk20000312_1bvq000500.html;jsessionid=41696BD58FAC0B098B497181567C84B2.2_cid394",1,"Papier","Steiner","Hohmann-Dennhardt","Papier","Steiner","Hoffmann-Riem","Hohmann-Dennhardt Haas Hömig Jaeger Kühling","Hoffmann-Riem","Hohmann-Dennhardt","Papier Steiner Hohmann-Dennhardt",1,0,"1","Hohmann-Dennhardt Haas Hömig Jaeger Kühling",1,FALSE,0
"1672","1BvQ11/00",2000-04-30,1,1,"http://www.bundesverfassungsgericht.de/SharedDocs/Entscheidungen/DE/2000/04/qk20000430_1bvq001100.html;jsessionid=3BD94B07865AB540DC11E2051F5F7FB2.2_cid370",1,"Papier","Kühling","Steiner","Papier","Steiner","Hoffmann-Riem","Hohmann-Dennhardt Haas Hömig Jaeger Kühling","Hoffmann-Riem","Kühling","Papier Steiner Hohmann-Dennhardt",1,0,"5","Hohmann-Dennhardt Haas Hömig Jaeger Kühling",1,FALSE,1
"355","1BvQ14/00",2000-05-20,1,1,"http://www.bundesverfassungsgericht.de/SharedDocs/Entscheidungen/DE/2000/05/qk20000520_1bvq001400.html;jsessionid=B07302EDE27849D3E1B891CE95237F94.2_cid392",1,"Kühling","Hömig","Hoffmann-Riem","Papier","Steiner","Hoffmann-Riem","Hohmann-Dennhardt Haas Hömig Jaeger Kühling","Papier Steiner","Kühling Hömig","Hoffmann-Riem Hohmann-Dennhardt Haas",2,0,"3 4","Hohmann-Dennhardt Haas Hömig Kühling",2,FALSE,1
"3157","1BvQ22/00",2000-08-11,1,1,"http://www.bundesverfassungsgericht.de/SharedDocs/Entscheidungen/DE/2000/08/qk20000811_1bvq002200.html;jsessionid=4D68FBB1C51606FAEFBD40E8E0BCE933.2_cid394",1,"Papier","Hömig","Hohmann-Dennhardt","Papier","Steiner","Hoffmann-Riem","Hohmann-Dennhardt Haas Hömig Jaeger Kühling","Steiner Hoffmann-Riem","Hömig Hohmann-Dennhardt","Papier Hohmann-Dennhardt Haas",1,0,"1 3","Hohmann-Dennhardt Haas Hömig Jaeger Kühling",1,FALSE,1
"2414","1BvR1498/00",2000-09-25,1,1,"http://www.bundesverfassungsgericht.de/SharedDocs/Entscheidungen/DE/2000/09/rk20000925_1bvr149800.html;jsessionid=983135B3DE1BFD0AE064BD8FEAC9E10B.2_cid393",1,"Steiner","Hohmann-Dennhardt","Hoffmann-Riem","Papier","Steiner","Hoffmann-Riem","Hohmann-Dennhardt Haas Hömig Jaeger Kühling","Papier","Hohmann-Dennhardt","Steiner Hoffmann-Riem Hohmann-Dennhardt",2,0,"1","Hohmann-Dennhardt Haas Hömig Jaeger Kühling",2,FALSE,0
"3417","1BvR2216/961BvR501/981BvR534/981BvR550/98",2001-01-18,1,0,"http://www.bundesverfassungsgericht.de/SharedDocs/Entscheidungen/DE/2001/01/rk20010118_1bvr221696.html;jsessionid=0E452C78C279777508AB061412CAE84B.2_cid392",1,"Steiner","Hohmann-Dennhardt","Hoffmann-Riem","Papier","Steiner","Hoffmann-Riem","Hohmann-Dennhardt Haas Hömig Jaeger Kühling","Papier","Hohmann-Dennhardt","Steiner Hoffmann-Riem Hohmann-Dennhardt",2,0,"1","Hohmann-Dennhardt Haas Hömig Jaeger Kühling",2,FALSE,0
"795","1BvQ20/01",2001-04-12,1,1,"http://www.bundesverfassungsgericht.de/SharedDocs/Entscheidungen/DE/2001/04/qk20010412_1bvq002001.html;jsessionid=91560C047741D94139EEE82A857BE86E.2_cid383",1,"Papier","Hohmann-Dennhardt","Hoffmann-Riem","Papier","Steiner","Hoffmann-Riem","Hohmann-Dennhardt Haas Bryde Hömig Jaeger","Steiner","Hohmann-Dennhardt","Papier Hoffmann-Riem Hohmann-Dennhardt",2,0,"1","Hohmann-Dennhardt Haas Bryde Hömig Jaeger",2,FALSE,0
"786","1BvR481/011BvR518/01",2001-05-10,1,1,"http://www.bundesverfassungsgericht.de/SharedDocs/Entscheidungen/DE/2001/05/rk20010510_1bvr048101.html;jsessionid=8356935591793DD6B443D8646ABD7964.2_cid393",1,"Papier","Steiner","Hohmann-Dennhardt","Papier","Steiner","Hoffmann-Riem","Hohmann-Dennhardt Haas Bryde Hömig Jaeger","Hoffmann-Riem","Hohmann-Dennhardt","Papier Steiner Hohmann-Dennhardt",1,0,"1","Hohmann-Dennhardt Haas Bryde Hömig Jaeger",1,FALSE,0
"516","1BvR1002/01",2001-06-18,1,0,"http://www.bundesverfassungsgericht.de/SharedDocs/Entscheidungen/DE/2001/06/rk20010618_1bvr100201.html;jsessionid=776EFCE80ED77AD6FD924C29EC35C289.2_cid394",1,"Papier","Hömig","Hohmann-Dennhardt","Papier","Steiner","Hoffmann-Riem","Hohmann-Dennhardt Haas Bryde Hömig Jaeger","Steiner","Hömig","Papier Hohmann-Dennhardt Haas",1,0,"3","Haas Bryde Hömig Jaeger",1,FALSE,1
"3425","1BvQ34/01",2001-08-10,1,1,"http://www.bundesverfassungsgericht.de/SharedDocs/Entscheidungen/DE/2001/08/qk20010810_1bvq003401.html;jsessionid=1A5C7763B55372D9DB010EBEA075CD89.2_cid361",1,"Papier","Hohmann-Dennhardt","Hoffmann-Riem","Papier","Steiner","Hoffmann-Riem","Hohmann-Dennhardt Haas Bryde Hömig Jaeger","Steiner","Hohmann-Dennhardt","Papier Hoffmann-Riem Hohmann-Dennhardt",2,0,"1","Hohmann-Dennhardt Haas Bryde Hömig Jaeger",2,FALSE,0
"3303","1BvQ35/01",2001-08-24,1,1,"http://www.bundesverfassungsgericht.de/SharedDocs/Entscheidungen/DE/2001/08/qk20010824_1bvq003501.html;jsessionid=2C484E53618DE8FD4CFD91BBA0F437AC.2_cid392",1,"Steiner","Hohmann-Dennhardt","Hoffmann-Riem","Papier","Steiner","Hoffmann-Riem","Hohmann-Dennhardt Haas Bryde Hömig Jaeger","Papier","Hohmann-Dennhardt","Steiner Hoffmann-Riem Hohmann-Dennhardt",2,0,"1","Hohmann-Dennhardt Haas Bryde Hömig Jaeger",2,FALSE,0
"5739","1BvR481/011BvR518/01",2001-09-05,1,1,"http://www.bundesverfassungsgericht.de/SharedDocs/Entscheidungen/DE/2001/09/rk20010905_1bvr048101.html;jsessionid=BFF0A24ED1F9AE41C4724361FE06A327.2_cid361",1,"Papier","Steiner","Hohmann-Dennhardt","Papier","Steiner","Hoffmann-Riem","Hohmann-Dennhardt Haas Bryde Hömig Jaeger","Hoffmann-Riem","Hohmann-Dennhardt","Papier Steiner Hohmann-Dennhardt",1,0,"1","Hohmann-Dennhardt Haas Bryde Hömig Jaeger",1,FALSE,0
"3419","1BvQ39/01",2001-10-19,1,1,"http://www.bundesverfassungsgericht.de/SharedDocs/Entscheidungen/DE/2001/10/qk20011019_1bvq003901.html;jsessionid=B11A81811946F08052985C323C43A4F8.2_cid393",1,"Papier","Hohmann-Dennhardt","Hoffmann-Riem","Papier","Steiner","Hoffmann-Riem","Hohmann-Dennhardt Haas Bryde Hömig Jaeger","Steiner","Hohmann-Dennhardt","Papier Hoffmann-Riem Hohmann-Dennhardt",2,0,"1","Hohmann-Dennhardt Haas Bryde Hömig Jaeger",2,FALSE,0
"5614","1BvQ1/02",2002-01-04,1,1,"http://www.bundesverfassungsgericht.de/SharedDocs/Entscheidungen/DE/2002/01/qk20020104_1bvq000102.html;jsessionid=4CD9BF079CB18986293CACD8468ADB45.2_cid370",1,"Papier","Hohmann-Dennhardt","Hoffmann-Riem","Papier","Steiner","Hoffmann-Riem","Hohmann-Dennhardt Haas Bryde Hömig Jaeger","Steiner","Hohmann-Dennhardt","Papier Hoffmann-Riem Hohmann-Dennhardt",2,0,"1","Hohmann-Dennhardt Haas Bryde Hömig Jaeger",2,FALSE,0
"1739","1BvR300/02",2002-02-22,1,1,"http://www.bundesverfassungsgericht.de/SharedDocs/Entscheidungen/DE/2002/02/rk20020222_1bvr030002.html;jsessionid=89AAD0108179B905194CC9986A614D6D.2_cid392",1,"Steiner","Hohmann-Dennhardt","Hoffmann-Riem","Papier","Steiner","Hoffmann-Riem","Hohmann-Dennhardt Haas Bryde Hömig Jaeger","Papier","Hohmann-Dennhardt","Steiner Hoffmann-Riem Hohmann-Dennhardt",2,0,"1","Hohmann-Dennhardt Haas Bryde Hömig Jaeger",2,FALSE,0
"4936","1BvQ5/02",2002-03-01,1,1,"http://www.bundesverfassungsgericht.de/SharedDocs/Entscheidungen/DE/2002/03/qk20020301_1bvq000502.html;jsessionid=89AAD0108179B905194CC9986A614D6D.2_cid392",1,"Papier","Hohmann-Dennhardt","Hoffmann-Riem","Papier","Steiner","Hoffmann-Riem","Hohmann-Dennhardt Haas Bryde Hömig Jaeger","Steiner","Hohmann-Dennhardt","Papier Hoffmann-Riem Hohmann-Dennhardt",2,0,"1","Hohmann-Dennhardt Haas Bryde Hömig Jaeger",2,FALSE,0
"3541","1BvQ9/02",2002-03-29,1,1,"http://www.bundesverfassungsgericht.de/SharedDocs/Entscheidungen/DE/2002/03/qk20020329_1bvq000902.html;jsessionid=E7AD348F4055B6AF296AA939709223DE.2_cid361",1,"Steiner","Hohmann-Dennhardt","Hoffmann-Riem","Papier","Steiner","Hoffmann-Riem","Hohmann-Dennhardt Haas Bryde Hömig Jaeger","Papier","Hohmann-Dennhardt","Steiner Hoffmann-Riem Hohmann-Dennhardt",2,0,"1","Hohmann-Dennhardt Haas Bryde Hömig Jaeger",2,FALSE,0
"4842","1BvR680/02",2002-04-15,1,1,"http://www.bundesverfassungsgericht.de/SharedDocs/Entscheidungen/DE/2002/04/rk20020415_1bvr068002.html;jsessionid=D82BA92D67E120C60DABF45EE1580AA1.2_cid392",1,"Steiner","Hohmann-Dennhardt","Hoffmann-Riem","Papier","Steiner","Hoffmann-Riem","Hohmann-Dennhardt Haas Bryde Hömig Jaeger","Papier","Hohmann-Dennhardt","Steiner Hoffmann-Riem Hohmann-Dennhardt",2,0,"1","Hohmann-Dennhardt Haas Bryde Hömig Jaeger",2,FALSE,0
"1053","1BvQ2/03",2003-01-28,1,1,"http://www.bundesverfassungsgericht.de/SharedDocs/Entscheidungen/DE/2003/01/qk20030128_1bvq000203.html;jsessionid=C3AFB06AEFD5EC797F45B0D522DB6A85.2_cid361",1,"Papier","Hohmann-Dennhardt","Hoffmann-Riem","Papier","Haas","Hoffmann-Riem","Hohmann-Dennhardt Steiner Bryde Hömig Jaeger","Haas","Hohmann-Dennhardt","Papier Hoffmann-Riem Hohmann-Dennhardt",2,0,"1","Hohmann-Dennhardt Steiner Bryde Hömig Jaeger",2,FALSE,0
"2542","1BvQ30/03",2003-08-14,1,1,"http://www.bundesverfassungsgericht.de/SharedDocs/Entscheidungen/DE/2003/08/qk20030814b_1bvq003003.html;jsessionid=FEDDEDCC9B35D235DC7F511507936931.2_cid394",1,"Jaeger","Hömig","Hoffmann-Riem","Papier","Haas","Hoffmann-Riem","Hohmann-Dennhardt Steiner Bryde Hömig Jaeger","Papier Haas","Jaeger Hömig","Hoffmann-Riem Hohmann-Dennhardt Steiner",2,0,"4 5","Hohmann-Dennhardt Steiner Bryde Hömig Jaeger",2,FALSE,1
"4902","1BvQ30/03",2003-08-14,1,1,"http://www.bundesverfassungsgericht.de/SharedDocs/Entscheidungen/DE/2003/08/qk20030814_1bvq003003.html;jsessionid=FEDDEDCC9B35D235DC7F511507936931.2_cid394",1,"Papier","Hohmann-Dennhardt","Hoffmann-Riem","Papier","Haas","Hoffmann-Riem","Hohmann-Dennhardt Steiner Bryde Hömig Jaeger","Haas","Hohmann-Dennhardt","Papier Hoffmann-Riem Hohmann-Dennhardt",2,0,"1","Hohmann-Dennhardt Steiner Bryde Hömig Jaeger",2,FALSE,0
"1307","1BvQ32/03",2003-09-05,1,1,"http://www.bundesverfassungsgericht.de/SharedDocs/Entscheidungen/DE/2003/09/qk20030905_1bvq003203.html;jsessionid=A57321C7EA2A3076FBFAC76FCAA948E0.2_cid394",1,"Papier","Steiner","Hoffmann-Riem","Papier","Haas","Hoffmann-Riem","Hohmann-Dennhardt Steiner Bryde Hömig Jaeger","Haas","Steiner","Papier Hoffmann-Riem Hohmann-Dennhardt",2,0,"2","Hohmann-Dennhardt Steiner Bryde Hömig Jaeger",1,FALSE,1
"5180","1BvQ36/04",2004-08-31,1,1,"http://www.bundesverfassungsgericht.de/SharedDocs/Entscheidungen/DE/2004/08/qk20040831_1bvq003604.html;jsessionid=F4F9565F5A0F9FB891F0E91FA2F4BE84.2_cid392",1,"Papier","Steiner","Hoffmann-Riem","Papier","Haas","Hoffmann-Riem","Hohmann-Dennhardt Steiner Bryde Hömig Jaeger","Haas","Steiner","Papier Hoffmann-Riem Hohmann-Dennhardt",2,0,"2","Hohmann-Dennhardt Steiner Bryde Jaeger",1,FALSE,1
"1157","1BvR294/05",2005-02-22,1,1,"http://www.bundesverfassungsgericht.de/SharedDocs/Entscheidungen/DE/2005/02/rk20050222_1bvr029405.html;jsessionid=F4141FD7C790CE56A652AAD553718057.2_cid394",1,"Papier","Hohmann-Dennhardt","Gaier","Papier","Hohmann-Dennhardt","Hoffmann-Riem","Gaier Steiner Bryde Hömig Haas","Hoffmann-Riem","Gaier","Papier Hohmann-Dennhardt Gaier",2,0,"1","Gaier Steiner Bryde Hömig Haas",2,FALSE,0
"4070","1BvR808/05",2005-04-16,1,0,"http://www.bundesverfassungsgericht.de/SharedDocs/Entscheidungen/DE/2005/04/rk20050416_1bvr080805.html;jsessionid=D1B683367165CF810A2784D9EB8E99DD.2_cid394",1,"Hohmann-Dennhardt","Hoffmann-Riem","Gaier","Papier","Hohmann-Dennhardt","Hoffmann-Riem","Gaier Steiner Bryde Hömig Haas","Papier","Gaier","Hohmann-Dennhardt Hoffmann-Riem Gaier",3,1,"1","Gaier Steiner Bryde Hömig Haas",3,FALSE,0
"1203","1BvQ25/05",2005-08-16,1,1,"http://www.bundesverfassungsgericht.de/SharedDocs/Entscheidungen/DE/2005/08/qk20050816_1bvq002505.html;jsessionid=36A0DAE57164033182B7ABCBC7E2FDDB.2_cid383",1,"Papier","Hoffmann-Riem","Gaier","Papier","Hohmann-Dennhardt","Hoffmann-Riem","Gaier Steiner Bryde Hömig Haas","Hohmann-Dennhardt","Gaier","Papier Hoffmann-Riem Gaier",2,0,"1","Gaier Steiner Bryde Hömig Haas",2,FALSE,0
"5241","1BvQ3/06",2006-01-26,1,1,"http://www.bundesverfassungsgericht.de/SharedDocs/Entscheidungen/DE/2006/01/qk20060126_1bvq000306.html;jsessionid=1946D30F8E7870BE3A1A90827CA3ADCF.2_cid361",1,"Papier","Hoffmann-Riem","Gaier","Papier","Hohmann-Dennhardt","Hoffmann-Riem","Gaier Steiner Bryde Hömig Haas","Hohmann-Dennhardt","Gaier","Papier Hoffmann-Riem Gaier",2,0,"1","Gaier Steiner Bryde Hömig Haas",2,FALSE,0
"4886","1BvQ4/06",2006-01-27,1,1,"http://www.bundesverfassungsgericht.de/SharedDocs/Entscheidungen/DE/2006/01/qk20060127_1bvq000406.html;jsessionid=1946D30F8E7870BE3A1A90827CA3ADCF.2_cid361",1,"Hoffmann-Riem","Steiner","Gaier","Papier","Hohmann-Dennhardt","Hoffmann-Riem","Gaier Steiner Bryde Hömig Haas","Papier","Steiner","Hoffmann-Riem Gaier Steiner",2,0,"1","Steiner Bryde Hömig Haas",2,FALSE,0
"944","1BvR1429/06",2006-06-09,1,1,"http://www.bundesverfassungsgericht.de/SharedDocs/Entscheidungen/DE/2006/06/rk20060609_1bvr142906.html;jsessionid=7E3E3B40FBFB39BBD975EA8B5FA772CC.2_cid383",1,"Papier","Gaier","Hoffmann-Riem","Papier","Hohmann-Dennhardt","Hoffmann-Riem","Gaier Steiner Eichberger Bryde Haas","Hohmann-Dennhardt","Gaier","Papier Hoffmann-Riem Gaier",2,0,"1","Gaier Steiner Eichberger Bryde Haas",2,FALSE,0
"4334","1BvQ35/06",2006-11-24,1,1,"http://www.bundesverfassungsgericht.de/SharedDocs/Entscheidungen/DE/2006/11/qk20061124_1bvq003506.html;jsessionid=E7E3FDB3ADF4B5024811AF8DA3157A18.2_cid392",1,"Papier","Hoffmann-Riem","Gaier","Papier","Hohmann-Dennhardt","Hoffmann-Riem","Gaier Steiner Schluckebier Eichberger Bryde","Hohmann-Dennhardt","Gaier","Papier Hoffmann-Riem Gaier",2,0,"1","Gaier Steiner Schluckebier Eichberger Bryde",2,FALSE,0
"4915","1BvR2228/02",2007-03-26,1,0,"http://www.bundesverfassungsgericht.de/SharedDocs/Entscheidungen/DE/2007/03/rk20070326_1bvr222802.html;jsessionid=4A0C5C62F341DDB4629E111E8699F23E.2_cid393",1,"Hohmann-Dennhardt","Hoffmann-Riem","Gaier","Papier","Hohmann-Dennhardt","Hoffmann-Riem","Gaier Steiner Schluckebier Eichberger Bryde","Papier","Gaier","Hohmann-Dennhardt Hoffmann-Riem Gaier",3,1,"1","Gaier Steiner Schluckebier Eichberger Bryde",3,FALSE,0
"4343","1BvQ16/07",2007-05-27,1,1,"http://www.bundesverfassungsgericht.de/SharedDocs/Entscheidungen/DE/2007/05/qk20070527_1bvq001607.html;jsessionid=1D28A2C3EFE2BC59E30C63667C1FF373.2_cid393",1,"Papier","Hoffmann-Riem","Gaier","Papier","Hohmann-Dennhardt","Hoffmann-Riem","Gaier Steiner Schluckebier Eichberger Bryde","Hohmann-Dennhardt","Gaier","Papier Hoffmann-Riem Gaier",2,0,"1","Gaier Steiner Schluckebier Bryde",2,FALSE,0
"1309","1BvR1225/071BvR1226/07",2007-08-29,1,1,"http://www.bundesverfassungsgericht.de/SharedDocs/Entscheidungen/DE/2007/08/rk20070829_1bvr122507.html;jsessionid=613F3643E8199F2B5825B3EA1F3C877F.2_cid393",1,"Papier","Gaier","Hoffmann-Riem","Papier","Hohmann-Dennhardt","Hoffmann-Riem","Gaier Steiner Schluckebier Eichberger Bryde","Hohmann-Dennhardt","Gaier","Papier Hoffmann-Riem Gaier",2,0,"1","Gaier Steiner Schluckebier Eichberger Bryde",2,FALSE,0
"4150","1BvR3041/07",2007-12-01,1,1,"http://www.bundesverfassungsgericht.de/SharedDocs/Entscheidungen/DE/2007/12/rk20071201_1bvr304107.html;jsessionid=9550326B74B50CD5057F6E4D26F2CA00.2_cid394",1,"Papier","Hoffmann-Riem","Kirchhof","Papier","Hohmann-Dennhardt","Hoffmann-Riem","Kirchhof Gaier Schluckebier Eichberger Bryde","Hohmann-Dennhardt","Kirchhof","Papier Hoffmann-Riem Kirchhof",1,0,"1","Kirchhof Gaier Schluckebier Eichberger Bryde",1,FALSE,0
"2119","1BvR572/08",2008-03-13,1,1,"http://www.bundesverfassungsgericht.de/SharedDocs/Entscheidungen/DE/2008/03/rk20080313_1bvr057208.html;jsessionid=9302B7D26FC18AF60523567A9FEC5F58.2_cid361",1,"Hoffmann-Riem","Eichberger","Schluckebier","Papier","Hoffmann-Riem","Eichberger","Schluckebier Bryde Kirchhof Gaier Hohmann-Dennhardt","Papier","Schluckebier","Hoffmann-Riem Eichberger Schluckebier",1,0,"1","Schluckebier Bryde Kirchhof Gaier Hohmann-Dennhardt",1,FALSE,0
"5420","1BvR1753/03",2008-03-25,1,0,"http://www.bundesverfassungsgericht.de/SharedDocs/Entscheidungen/DE/2008/03/rk20080325_1bvr175303.html;jsessionid=9302B7D26FC18AF60523567A9FEC5F58.2_cid361",1,"Hoffmann-Riem","Eichberger","Schluckebier","Papier","Hoffmann-Riem","Eichberger","Schluckebier Bryde Kirchhof Gaier Hohmann-Dennhardt","Papier","Schluckebier","Hoffmann-Riem Eichberger Schluckebier",1,0,"1","Schluckebier Bryde Kirchhof Gaier Hohmann-Dennhardt",1,FALSE,0
"699","1BvQ26/09",2009-06-17,1,1,"http://www.bundesverfassungsgericht.de/SharedDocs/Entscheidungen/DE/2009/06/qk20090617_1bvq002609.html;jsessionid=1CE8CA15D89BF46F76161DE1953E239F.2_cid393",1,"Eichberger","Schluckebier","Masing","Papier","Eichberger","Masing","Schluckebier Bryde Kirchhof Gaier Hohmann-Dennhardt","Papier","Schluckebier","Eichberger Masing Schluckebier",1,0,"1","Schluckebier Bryde Kirchhof Gaier Hohmann-Dennhardt",1,FALSE,0
"3707","1BvQ39/091BvQ40/091BvQ41/091BvQ42/09",2009-09-11,1,1,"http://www.bundesverfassungsgericht.de/SharedDocs/Entscheidungen/DE/2009/09/qk20090911_1bvq003909.html;jsessionid=7F8B1CCF8543D42DEDA0D7040CF764BF.2_cid361",1,"Eichberger","Schluckebier","Masing","Papier","Eichberger","Masing","Schluckebier Bryde Kirchhof Gaier Hohmann-Dennhardt","Papier","Schluckebier","Eichberger Masing Schluckebier",1,0,"1","Schluckebier Bryde Kirchhof Gaier Hohmann-Dennhardt",1,FALSE,0
"1928","1BvR2298/10",2010-09-04,1,1,"http://www.bundesverfassungsgericht.de/SharedDocs/Entscheidungen/DE/2010/09/rk20100904_1bvr229810.html;jsessionid=4E2E83BDBCE8A01040115A21A1909EC4.2_cid370",1,"Kirchhof","Schluckebier","Masing","Kirchhof","Eichberger","Masing","Schluckebier Bryde Paulus Gaier Hohmann-Dennhardt","Eichberger","Schluckebier","Kirchhof Masing Schluckebier",1,0,"1","Schluckebier Bryde Paulus Gaier Hohmann-Dennhardt",1,FALSE,0
"2886","1BvR2297/10",2010-09-06,1,1,"http://www.bundesverfassungsgericht.de/SharedDocs/Entscheidungen/DE/2010/09/rk20100906_1bvr229710.html;jsessionid=4E2E83BDBCE8A01040115A21A1909EC4.2_cid370",1,"Eichberger","Schluckebier","Masing","Kirchhof","Eichberger","Masing","Schluckebier Bryde Paulus Gaier Hohmann-Dennhardt","Kirchhof","Schluckebier","Eichberger Masing Schluckebier",1,0,"1","Schluckebier Bryde Paulus Gaier Hohmann-Dennhardt",1,FALSE,0
"5027","1BvR1137/11",2011-05-05,1,1,"http://www.bundesverfassungsgericht.de/SharedDocs/Entscheidungen/DE/2011/05/rk20110505_1bvr113711.html;jsessionid=F3EA4AD874BACC1228B0D5C9EDCAEA62.2_cid394",1,"Eichberger","Masing","Baer","Kirchhof","Eichberger","Masing","Baer Schluckebier Britz Paulus Gaier","Kirchhof","Baer","Eichberger Masing Baer",2,0,"1","Baer Schluckebier Britz Paulus Gaier",2,FALSE,0
"1000","1BvR711/12",2012-03-30,1,1,"http://www.bundesverfassungsgericht.de/SharedDocs/Entscheidungen/DE/2012/03/rk20120330_1bvr071112.html;jsessionid=67C7D924CDA08ADECA0D036C436BDDC5.2_cid370",1,"Eichberger","Schluckebier","Masing","Kirchhof","Eichberger","Masing","Baer Schluckebier Britz Paulus Gaier","Kirchhof","Schluckebier","Eichberger Masing Baer",2,0,"2","Baer Schluckebier Britz Paulus Gaier",1,FALSE,1
"4583","1BvQ12/12",2012-04-06,1,1,"http://www.bundesverfassungsgericht.de/SharedDocs/Entscheidungen/DE/2012/04/qk20120406_1bvq001212.html;jsessionid=67C7D924CDA08ADECA0D036C436BDDC5.2_cid370",1,"Schluckebier","Masing","Paulus","Kirchhof","Eichberger","Masing","Baer Schluckebier Britz Paulus Gaier","Eichberger","Paulus","Schluckebier Masing Baer",2,0,"3","Baer Britz Paulus Gaier",1,FALSE,1
"2726","1BvR523/11",2012-04-16,1,0,"http://www.bundesverfassungsgericht.de/SharedDocs/Entscheidungen/DE/2012/04/rk20120416_1bvr052311.html;jsessionid=2F21385028B92F6A3B7F690C44A88C8A.2_cid361",1,"Eichberger","Masing","Baer","Kirchhof","Eichberger","Masing","Baer Schluckebier Britz Paulus Gaier","Kirchhof","Baer","Eichberger Masing Baer",2,0,"1","Baer Schluckebier Britz Paulus Gaier",2,FALSE,0
"4199","1BvR1840/12",2012-08-31,1,1,"http://www.bundesverfassungsgericht.de/SharedDocs/Entscheidungen/DE/2012/08/rk20120831_1bvr184012.html;jsessionid=9331947F47C3DF0430C43507A32ED86E.2_cid383",1,"Kirchhof","Schluckebier","Masing","Kirchhof","Eichberger","Masing","Baer Schluckebier Britz Paulus Gaier","Eichberger","Schluckebier","Kirchhof Masing Baer",2,0,"2","Baer Schluckebier Britz Gaier",1,FALSE,1
"3360","1BvR2271/14",2014-08-18,1,1,"http://www.bundesverfassungsgericht.de/SharedDocs/Entscheidungen/DE/2014/08/rk20140818_1bvr227114.html;jsessionid=1EA74CE209CCBCB21683A9D225F07ED6.2_cid392",1,"Kirchhof","Eichberger","Baer","Kirchhof","Eichberger","Britz","Baer Masing Paulus Schluckebier Gaier","Britz","Baer","Kirchhof Eichberger Baer",1,0,"1","Baer Masing Paulus Schluckebier Gaier",1,FALSE,0
"1611","1BvQ8/16",2016-02-24,1,1,"http://www.bundesverfassungsgericht.de/SharedDocs/Entscheidungen/DE/2016/02/qk20160224_1bvq000816.html;jsessionid=6C990C95823B12706064CC4FA81400E9.2_cid383",1,"Eichberger","Masing","Britz","Kirchhof","Eichberger","Britz","Baer Masing Paulus Schluckebier Gaier","Kirchhof","Masing","Eichberger Britz Baer",2,0,"2","Baer Masing Paulus Schluckebier Gaier",2,FALSE,1
"834","1BvR327/97",1998-08-04,1,0,"http://www.bundesverfassungsgericht.de/SharedDocs/Entscheidungen/DE/1998/08/rk19980804_1bvr032797.html;jsessionid=15F3340EB6D573E2781A336C8538FF69.2_cid394",2,"Kühling","Jaeger","Hömig","Kühling","Jaeger","Steiner","Hömig Grimm Papier Haas Seibert","Steiner","Hömig","Kühling Jaeger Hömig",2,0,"1","Hömig Grimm Papier Haas",2,FALSE,0
"4511","1BvR420/97",2000-01-10,1,1,"http://www.bundesverfassungsgericht.de/SharedDocs/Entscheidungen/DE/2000/01/rk20000110_1bvr042097.html;jsessionid=A5F8DDFF7A14A5E5DEC3374435944847.2_cid392",2,"Kühling","Jaeger","Steiner","Kühling","Jaeger","Hömig","Hoffmann-Riem Steiner Papier Hohmann-Dennhardt Haas","Hömig","Steiner","Kühling Jaeger Hoffmann-Riem",3,1,"2","Hoffmann-Riem Steiner Papier Hohmann-Dennhardt Haas",2,FALSE,1
"3256","1BvQ8/00",2000-05-15,1,1,"http://www.bundesverfassungsgericht.de/SharedDocs/Entscheidungen/DE/2000/05/qk20000515_1bvq000800.html;jsessionid=B07302EDE27849D3E1B891CE95237F94.2_cid392",2,"Kühling","Hömig","Steiner","Kühling","Jaeger","Hömig","Hoffmann-Riem Steiner Papier Hohmann-Dennhardt Haas","Jaeger","Steiner","Kühling Hömig Hoffmann-Riem",2,0,"2","Hoffmann-Riem Steiner Papier Hohmann-Dennhardt Haas",1,FALSE,1
"3472","1BvQ12/01",2001-03-02,1,1,"http://www.bundesverfassungsgericht.de/SharedDocs/Entscheidungen/DE/2001/03/qk20010302_1bvq001201.html;jsessionid=79EE152CAADFCC67B30A432BF7EF857B.2_cid394",2,"Papier","Hömig","Bryde","Jaeger","Hömig","Bryde","Hoffmann-Riem Steiner Papier Hohmann-Dennhardt Haas","Jaeger","Papier","Hömig Bryde Hoffmann-Riem",2,0,"3","Hoffmann-Riem Steiner Papier Hohmann-Dennhardt Haas",1,FALSE,1
"2235","1BvR848/01",2001-05-25,1,1,"http://www.bundesverfassungsgericht.de/SharedDocs/Entscheidungen/DE/2001/05/rk20010525_1bvr084801.html;jsessionid=E62FF95B6F2B845558E317593D5F8A85.2_cid394",2,"Jaeger","Hömig","Hoffmann-Riem","Jaeger","Hömig","Bryde","Hoffmann-Riem Steiner Papier Hohmann-Dennhardt Haas","Bryde","Hoffmann-Riem","Jaeger Hömig Hoffmann-Riem",2,0,"1","Hoffmann-Riem Steiner Papier Hohmann-Dennhardt Haas",2,FALSE,0
"3765","1BvQ32/01",2001-07-31,1,1,"http://www.bundesverfassungsgericht.de/SharedDocs/Entscheidungen/DE/2001/07/qk20010731_1bvq003201.html;jsessionid=B18087CB825D0EE7CC53E3AD29240D61.2_cid370",2,"Haas","Hömig","Hohmann-Dennhardt","Jaeger","Hömig","Bryde","Hoffmann-Riem Steiner Papier Hohmann-Dennhardt Haas","Jaeger Bryde","Haas Hohmann-Dennhardt","Hömig Hoffmann-Riem Steiner",1,0,"4 5","Hoffmann-Riem Steiner Papier Hohmann-Dennhardt Haas",1,FALSE,1
"2594","1BvQ25/02",2002-07-28,1,1,"http://www.bundesverfassungsgericht.de/SharedDocs/Entscheidungen/DE/2002/07/qk20020728_1bvq002502.html;jsessionid=05560A09B6A172C4050E96BD3A91B3D4.2_cid393",2,"Jaeger","Hömig","Steiner","Jaeger","Hömig","Bryde","Hoffmann-Riem Steiner Papier Hohmann-Dennhardt Haas","Bryde","Steiner","Jaeger Hömig Hoffmann-Riem",2,0,"2","Hoffmann-Riem Steiner Papier Hohmann-Dennhardt Haas",1,FALSE,1
"1910","1BvQ27/02",2002-08-08,1,1,"http://www.bundesverfassungsgericht.de/SharedDocs/Entscheidungen/DE/2002/08/qk20020808_1bvq002702.html;jsessionid=6A9511453CF0163FFB50C8661A0F4D39.2_cid392",2,"Jaeger","Hömig","Hoffmann-Riem","Jaeger","Hömig","Bryde","Hoffmann-Riem Steiner Papier Hohmann-Dennhardt Haas","Bryde","Hoffmann-Riem","Jaeger Hömig Hoffmann-Riem",2,0,"1","Hoffmann-Riem Steiner Papier Hohmann-Dennhardt Haas",2,FALSE,0
"4032","1BvR1744/02",2002-09-30,1,0,"http://www.bundesverfassungsgericht.de/SharedDocs/Entscheidungen/DE/2002/09/rk20020930_1bvr174402.html;jsessionid=1B78F163C31C80666279B69EEA44AC72.2_cid394",2,"Hömig","Hoffmann-Riem","Bryde","Jaeger","Hömig","Bryde","Hoffmann-Riem Steiner Papier Hohmann-Dennhardt Haas","Jaeger","Hoffmann-Riem","Hömig Bryde Hoffmann-Riem",2,0,"1","Hoffmann-Riem Steiner Papier Hohmann-Dennhardt Haas",2,FALSE,0
"4165","2BvR61/03",2003-02-13,1,0,"http://www.bundesverfassungsgericht.de/SharedDocs/Entscheidungen/DE/2003/02/rk20030213_2bvr006103.html;jsessionid=399D11A88B06EFC600FFA5833CBA2E1A.2_cid394",2,"Jentsch","Broß","Lübbe-Wolff","Jaeger","Hömig","Bryde","Hoffmann-Riem Haas Papier Hohmann-Dennhardt Steiner","Jaeger Hömig Bryde","Jentsch Broß Lübbe-Wolff","Hoffmann-Riem Haas Papier",1,0,NA,"Hoffmann-Riem Haas Papier Hohmann-Dennhardt Steiner",1,FALSE,NA
"5589","1BvR710/03",2003-04-15,1,1,"http://www.bundesverfassungsgericht.de/SharedDocs/Entscheidungen/DE/2003/04/rk20030415_1bvr071003.html;jsessionid=07F945090635F7ACF2B688B6D5765BB1.2_cid370",2,"Jaeger","Hömig","Hoffmann-Riem","Jaeger","Hömig","Bryde","Hoffmann-Riem Haas Papier Hohmann-Dennhardt Steiner","Bryde","Hoffmann-Riem","Jaeger Hömig Hoffmann-Riem",2,0,"1","Hoffmann-Riem Haas Papier Hohmann-Dennhardt Steiner",2,FALSE,0
"1263","1BvR1858/04",2004-08-18,1,1,"http://www.bundesverfassungsgericht.de/SharedDocs/Entscheidungen/DE/2004/08/rk20040818_1bvr185804.html;jsessionid=DC786FF2B03E89C7D551440CD235C8EF.2_cid393",2,"Hömig","Hoffmann-Riem","Bryde","Jaeger","Hömig","Bryde","Hoffmann-Riem Haas Papier Hohmann-Dennhardt Steiner","Jaeger","Hoffmann-Riem","Hömig Bryde Hoffmann-Riem",2,0,"1","Hoffmann-Riem Haas Papier Hohmann-Dennhardt Steiner",2,FALSE,0
"4969","1BvR1506/04",2004-08-27,1,1,"http://www.bundesverfassungsgericht.de/SharedDocs/Entscheidungen/DE/2004/08/rk20040827_1bvr150604.html;jsessionid=F4F9565F5A0F9FB891F0E91FA2F4BE84.2_cid392",2,"Jaeger","Haas","Bryde","Jaeger","Hömig","Bryde","Hoffmann-Riem Haas Papier Hohmann-Dennhardt Steiner","Hömig","Haas","Jaeger Bryde Hoffmann-Riem",3,1,"2","Hoffmann-Riem Haas Papier Hohmann-Dennhardt Steiner",2,FALSE,1
"5196","1BvR971/07",2007-05-14,1,0,"http://www.bundesverfassungsgericht.de/SharedDocs/Entscheidungen/DE/2007/05/rk20070514_1bvr097107.html;jsessionid=D1233F58406BEB476EF5E59085154124.2_cid392",2,"Hoffmann-Riem","Bryde","Schluckebier","Bryde","Eichberger","Schluckebier","Hoffmann-Riem Hohmann-Dennhardt Papier Gaier Steiner","Eichberger","Hoffmann-Riem","Bryde Schluckebier Hoffmann-Riem",2,0,"1","Hoffmann-Riem Hohmann-Dennhardt Papier Gaier Steiner",2,FALSE,0
"3646","1BvR1956/06",2008-02-06,1,0,"http://www.bundesverfassungsgericht.de/SharedDocs/Entscheidungen/DE/2008/02/rk20080206_1bvr195606.html;jsessionid=1F11CE875A4F82F7C310B0A4D9AA7613.2_cid361",2,"Gaier","Eichberger","Kirchhof","Hohmann-Dennhardt","Gaier","Kirchhof","Eichberger Hoffmann-Riem Papier Schluckebier Bryde","Hohmann-Dennhardt","Eichberger","Gaier Kirchhof Eichberger",1,0,"1","Eichberger Hoffmann-Riem Papier Schluckebier Bryde",1,FALSE,0
"1746","1BvR467/09",2009-04-14,1,1,"http://www.bundesverfassungsgericht.de/SharedDocs/Entscheidungen/DE/2009/04/rk20090414_1bvr046709.html;jsessionid=70994D0E3F8A6DC87D3C66408D82B1BA.2_cid370",2,"Hohmann-Dennhardt","Gaier","Schluckebier","Hohmann-Dennhardt","Gaier","Kirchhof","Masing Eichberger Papier Schluckebier Bryde","Kirchhof","Schluckebier","Hohmann-Dennhardt Gaier Masing",3,1,"4","Masing Eichberger Papier Schluckebier Bryde",2,FALSE,1
"3629","1BvQ35/09",2009-08-07,1,1,"http://www.bundesverfassungsgericht.de/SharedDocs/Entscheidungen/DE/2009/08/qk20090807_1bvq003509.html;jsessionid=51CD31F9F518680A6559B3561958CEE5.2_cid392",2,"Hohmann-Dennhardt","Bryde","Kirchhof","Hohmann-Dennhardt","Gaier","Kirchhof","Masing Eichberger Papier Schluckebier Bryde","Gaier","Bryde","Hohmann-Dennhardt Kirchhof Masing",2,0,"5","Masing Eichberger Papier Schluckebier Bryde",2,FALSE,1
"548","1BvR476/10",2010-03-15,1,0,"http://www.bundesverfassungsgericht.de/SharedDocs/Entscheidungen/DE/2010/03/rk20100315_1bvr047610.html;jsessionid=B94D35F3E5DED1C35B7AD4B0C062B20C.2_cid392",2,"Hohmann-Dennhardt","Gaier","Kirchhof","Hohmann-Dennhardt","Gaier","Paulus","Masing Eichberger Kirchhof Schluckebier Bryde","Paulus","Kirchhof","Hohmann-Dennhardt Gaier Masing",3,1,"3","Masing Eichberger Kirchhof Schluckebier Bryde",2,FALSE,1
"2012","1BvR2959/07",2010-05-25,1,1,"http://www.bundesverfassungsgericht.de/SharedDocs/Entscheidungen/DE/2010/05/rk20100525_1bvr295907.html;jsessionid=77BEBED17DB4BBFF487690C5ADDC57B8.2_cid392",2,"Hohmann-Dennhardt","Gaier","Kirchhof","Hohmann-Dennhardt","Gaier","Paulus","Masing Eichberger Kirchhof Schluckebier Bryde","Paulus","Kirchhof","Hohmann-Dennhardt Gaier Masing",3,1,"3","Masing Eichberger Kirchhof Schluckebier Bryde",2,FALSE,1
"1388","1BvQ23/10",2010-08-02,1,1,"http://www.bundesverfassungsgericht.de/SharedDocs/Entscheidungen/DE/2010/08/qk20100802_1bvq002310.html;jsessionid=0D82C584CD8F87D30633FCD82E304810.2_cid383",2,"Gaier","Eichberger","Schluckebier","Hohmann-Dennhardt","Gaier","Paulus","Masing Eichberger Kirchhof Schluckebier Bryde","Hohmann-Dennhardt Paulus","Eichberger Schluckebier","Gaier Masing Eichberger",2,0,"2 3","Masing Eichberger Schluckebier Bryde",1,FALSE,1
"5538","1BvR2157/10",2010-09-17,1,1,"http://www.bundesverfassungsgericht.de/SharedDocs/Entscheidungen/DE/2010/09/rk20100917_1bvr215710.html;jsessionid=5981149DB3760C6375CE28673A43F62B.2_cid393",2,"Hohmann-Dennhardt","Gaier","Eichberger","Hohmann-Dennhardt","Gaier","Paulus","Masing Eichberger Kirchhof Schluckebier Bryde","Paulus","Eichberger","Hohmann-Dennhardt Gaier Masing",3,1,"2","Masing Eichberger Kirchhof Schluckebier Bryde",2,FALSE,1
"1548","1BvR2414/10",2010-09-30,1,1,"http://www.bundesverfassungsgericht.de/SharedDocs/Entscheidungen/DE/2010/09/rk20100930_1bvr241410.html;jsessionid=D3158D0C52B75003659D6C69D1A7128C.2_cid394",2,"Hohmann-Dennhardt","Gaier","Eichberger","Hohmann-Dennhardt","Gaier","Paulus","Masing Eichberger Kirchhof Schluckebier Bryde","Paulus","Eichberger","Hohmann-Dennhardt Gaier Masing",3,1,"2","Masing Eichberger Kirchhof Schluckebier Bryde",2,FALSE,1
"3721","1BvR2509/10",2010-10-07,1,1,"http://www.bundesverfassungsgericht.de/SharedDocs/Entscheidungen/DE/2010/10/rk20101007_1bvr250910.html;jsessionid=D3158D0C52B75003659D6C69D1A7128C.2_cid394",2,"Hohmann-Dennhardt","Eichberger","Schluckebier","Hohmann-Dennhardt","Gaier","Paulus","Masing Eichberger Kirchhof Schluckebier Bryde","Gaier Paulus","Eichberger Schluckebier","Hohmann-Dennhardt Masing Eichberger",2,0,"2 4","Masing Eichberger Kirchhof Schluckebier Bryde",1,FALSE,1
"1995","1BvR440/11",2011-02-28,1,1,"http://www.bundesverfassungsgericht.de/SharedDocs/Entscheidungen/DE/2011/02/rk20110228_1bvr044011.html;jsessionid=6072AFC7038BCEF9AB27948B90B3AA54.2_cid392",2,"Gaier","Eichberger","Britz","Gaier","Paulus","Britz","Masing Eichberger Kirchhof Baer Schluckebier","Paulus","Eichberger","Gaier Britz Masing",3,1,"2","Masing Eichberger Kirchhof Baer Schluckebier",2,FALSE,1
"2068","1BvR153/12",2012-01-20,1,1,"http://www.bundesverfassungsgericht.de/SharedDocs/Entscheidungen/DE/2012/01/rk20120120_1bvr015312.html;jsessionid=0FE0B7E1DBB67116B53038BCFB1B6FFC.2_cid392",2,"Kirchhof","Paulus","Britz","Gaier","Paulus","Britz","Masing Eichberger Kirchhof Baer Schluckebier","Gaier","Kirchhof","Paulus Britz Masing",2,0,"3","Masing Eichberger Kirchhof Baer Schluckebier",1,FALSE,1
"2685","1BvR1766/12",2012-08-29,1,1,"http://www.bundesverfassungsgericht.de/SharedDocs/Entscheidungen/DE/2012/08/rk20120829_1bvr176612.html;jsessionid=9331947F47C3DF0430C43507A32ED86E.2_cid383",2,"Gaier","Schluckebier","Britz","Gaier","Paulus","Britz","Masing Eichberger Kirchhof Baer Schluckebier","Paulus","Schluckebier","Gaier Britz Masing",3,1,"5","Masing Eichberger Kirchhof Baer Schluckebier",2,FALSE,1
"70","1BvL17/12",2012-10-05,1,0,"http://www.bundesverfassungsgericht.de/SharedDocs/Entscheidungen/DE/2012/10/lk20121005_1bvl001712.html;jsessionid=F57221A06D40EA6EFF826FFEE6121191.2_cid393",2,"Gaier","Eichberger","Britz","Gaier","Paulus","Britz","Masing Eichberger Kirchhof Baer Schluckebier","Paulus","Eichberger","Gaier Britz Masing",3,1,"2","Masing Eichberger Kirchhof Baer Schluckebier",2,FALSE,1
"796","1BvQ42/13",2013-09-28,1,1,"http://www.bundesverfassungsgericht.de/SharedDocs/Entscheidungen/DE/2013/09/qk20130928_1bvq004213.html;jsessionid=B1A80688CC99F3B3389681B9C0BACDEF.2_cid370",2,"Gaier","Eichberger","Paulus","Gaier","Schluckebier","Paulus","Britz Eichberger Kirchhof Baer Masing","Schluckebier","Eichberger","Gaier Paulus Britz",2,0,"2","Britz Eichberger Kirchhof Baer",1,FALSE,1
"1412","1BvR1768/15",2015-08-13,1,1,"http://www.bundesverfassungsgericht.de/SharedDocs/Entscheidungen/DE/2015/08/rk20150813_1bvr176815.html;jsessionid=04D538A18A65A7BCBC346954028EEB4D.2_cid361",2,"Gaier","Schluckebier","Britz","Gaier","Schluckebier","Paulus","Britz Eichberger Kirchhof Baer Masing","Paulus","Britz","Gaier Schluckebier Britz",2,0,"1","Britz Eichberger Kirchhof Baer Masing",2,FALSE,0
"2107","1BvQ36/15",2015-09-24,1,1,"http://www.bundesverfassungsgericht.de/SharedDocs/Entscheidungen/DE/2015/09/qk20150924_1bvq003615.html;jsessionid=DA3972C577072AFF46CBD3C6B3A39218.2_cid393",2,"Gaier","Schluckebier","Britz","Gaier","Schluckebier","Paulus","Britz Eichberger Kirchhof Baer Masing","Paulus","Britz","Gaier Schluckebier Britz",2,0,"1","Britz Eichberger Kirchhof Baer Masing",2,FALSE,0
"4190","1BvR299/89",1998-02-25,1,0,"http://www.bundesverfassungsgericht.de/SharedDocs/Entscheidungen/DE/1998/02/rk19980225_1bvr029989.html;jsessionid=5EB9DB623F167BAC292EBF61501B435F.2_cid361",3,"Seidl","Grimm","Hömig","Seidl","Seibert","Haas","Steiner Jaeger Kühling Hömig Grimm","Seibert Haas","Grimm Hömig","Seidl Steiner Jaeger",1,0,"4 5","Steiner Jaeger Kühling Hömig Grimm",1,FALSE,1
"1322","1BvR1041/92",1998-03-09,1,0,"http://www.bundesverfassungsgericht.de/SharedDocs/Entscheidungen/DE/1998/03/rk19980309_1bvr104192.html;jsessionid=0E3D4EB62F5AFD59C76206072FC8DA05.2_cid392",3,"Papier","Haas","Steiner","Papier","Seibert","Haas","Steiner Jaeger Kühling Hömig Grimm","Seibert","Steiner","Papier Haas Steiner",0,1,"1","Steiner Jaeger Kühling Hömig Grimm",0,FALSE,0
"5021","1BvR672/98",1998-04-14,1,0,"http://www.bundesverfassungsgericht.de/SharedDocs/Entscheidungen/DE/1998/04/rk19980414_1bvr067298.html;jsessionid=94909819E4BC1AB7761BF329EED7A249.2_cid361",3,"Kühling","Jaeger","Steiner","Papier","Seibert","Haas","Steiner Jaeger Kühling Hömig Grimm","Papier Haas","Kühling Jaeger","Steiner Jaeger Kühling",2,0,"1 2","Jaeger Kühling Hömig Grimm",2,FALSE,0
"398","1BvR1403/99",1999-08-26,1,1,"http://www.bundesverfassungsgericht.de/SharedDocs/Entscheidungen/DE/1999/08/rk19990826_1bvr140399.html;jsessionid=E683CF216EB66EEE5C16E0B80893230D.2_cid370",3,"Jaeger","Steiner","Hohmann-Dennhardt","Papier","Haas","Hohmann-Dennhardt","Steiner Jaeger Kühling Hömig Grimm","Papier Haas","Jaeger Steiner","Hohmann-Dennhardt Steiner Jaeger",2,0,"1 2","Steiner Jaeger Kühling Hömig Grimm",2,FALSE,0
"5690","1BvR1532/03",2003-08-20,1,1,"http://www.bundesverfassungsgericht.de/SharedDocs/Entscheidungen/DE/2003/08/rk20030820_1bvr153203.html;jsessionid=FEDDEDCC9B35D235DC7F511507936931.2_cid394",3,"Steiner","Hohmann-Dennhardt","Bryde","Papier","Steiner","Hohmann-Dennhardt","Bryde Hömig Jaeger Hoffmann-Riem Haas","Papier","Bryde","Steiner Hohmann-Dennhardt Bryde",2,0,"1","Bryde Hömig Jaeger Hoffmann-Riem",2,FALSE,0
"5266","1BvR1070/02",2004-06-22,1,0,"http://www.bundesverfassungsgericht.de/SharedDocs/Entscheidungen/DE/2004/06/rk20040622_1bvr107002.html;jsessionid=CCEC9DB69AC2B1EF6CFCD9C4233D1D1F.2_cid383",3,"Steiner","Hohmann-Dennhardt","Bryde","Papier","Steiner","Hohmann-Dennhardt","Bryde Hömig Jaeger Hoffmann-Riem Haas","Papier","Bryde","Steiner Hohmann-Dennhardt Bryde",2,0,"1","Bryde Hömig Jaeger Hoffmann-Riem Haas",2,FALSE,0
"2651","1BvR293/01",2004-07-27,1,0,"http://www.bundesverfassungsgericht.de/SharedDocs/Entscheidungen/DE/2004/07/rk20040727_1bvr029301.html;jsessionid=9554C29B9B4590BB0BA796A500F631F7.2_cid393",3,"Steiner","Hohmann-Dennhardt","Bryde","Papier","Steiner","Hohmann-Dennhardt","Bryde Hömig Jaeger Hoffmann-Riem Haas","Papier","Bryde","Steiner Hohmann-Dennhardt Bryde",2,0,"1","Bryde Hömig Jaeger Hoffmann-Riem Haas",2,FALSE,0
"5143","1BvR136/05",2005-01-28,1,1,"http://www.bundesverfassungsgericht.de/SharedDocs/Entscheidungen/DE/2005/01/rk20050128_1bvr013605.html;jsessionid=4017AEF74D2121EF3C7F536A017EA1F4.2_cid361",3,"Hömig","Hoffmann-Riem","Gaier","Papier","Steiner","Gaier","Bryde Hömig Haas Hoffmann-Riem Hohmann-Dennhardt","Papier Steiner","Hömig Hoffmann-Riem","Gaier Bryde Hömig",2,0,"2 4","Bryde Hömig Haas Hoffmann-Riem Hohmann-Dennhardt",2,FALSE,1
"3912","1BvR799/98",2006-09-15,1,0,"http://www.bundesverfassungsgericht.de/SharedDocs/Entscheidungen/DE/2006/09/rk20060915_1bvr079998.html;jsessionid=6DE55F6CB9BFCB6C3732C6040FF5BB50.2_cid394",3,"Steiner","Gaier","Eichberger","Papier","Steiner","Gaier","Eichberger Bryde Haas Hoffmann-Riem Hohmann-Dennhardt","Papier","Eichberger","Steiner Gaier Eichberger",1,0,"1","Eichberger Bryde Haas Hoffmann-Riem Hohmann-Dennhardt",1,FALSE,0
"1513","1BvR690/03",2006-10-18,1,0,"http://www.bundesverfassungsgericht.de/SharedDocs/Entscheidungen/DE/2006/10/rk20061018_1bvr069003.html;jsessionid=66CF20F6A4C4935A2BA066D7811F2B05.2_cid394",3,"Steiner","Gaier","Schluckebier","Papier","Steiner","Gaier","Schluckebier Eichberger Bryde Hoffmann-Riem Hohmann-Dennhardt","Papier","Schluckebier","Steiner Gaier Schluckebier",1,0,"1","Schluckebier Eichberger Bryde Hoffmann-Riem Hohmann-Dennhardt",1,FALSE,0
"5725","1BvR1696/03",2007-05-25,1,0,"http://www.bundesverfassungsgericht.de/SharedDocs/Entscheidungen/DE/2007/05/rk20070525_1bvr169603.html;jsessionid=1D28A2C3EFE2BC59E30C63667C1FF373.2_cid393",3,"Steiner","Gaier","Schluckebier","Papier","Steiner","Gaier","Schluckebier Eichberger Bryde Hoffmann-Riem Hohmann-Dennhardt","Papier","Schluckebier","Steiner Gaier Schluckebier",1,0,"1","Schluckebier Bryde Hoffmann-Riem Hohmann-Dennhardt",1,FALSE,0
"496","1BvR1935/07",2007-09-03,1,0,"http://www.bundesverfassungsgericht.de/SharedDocs/Entscheidungen/DE/2007/09/rk20070903_1bvr193507.html;jsessionid=613F3643E8199F2B5825B3EA1F3C877F.2_cid393",3,"Steiner","Gaier","Schluckebier","Papier","Steiner","Gaier","Schluckebier Eichberger Bryde Hoffmann-Riem Hohmann-Dennhardt","Papier","Schluckebier","Steiner Gaier Schluckebier",1,0,"1","Schluckebier Eichberger Bryde Hoffmann-Riem",1,FALSE,0
"1236","1BvR2818/07",2007-11-16,1,1,"http://www.bundesverfassungsgericht.de/SharedDocs/Entscheidungen/DE/2007/11/rk20071116_1bvr281807.html;jsessionid=9550326B74B50CD5057F6E4D26F2CA00.2_cid394",3,"Papier","Schluckebier","Kirchhof","Papier","Gaier","Kirchhof","Schluckebier Eichberger Bryde Hoffmann-Riem Hohmann-Dennhardt","Gaier","Schluckebier","Papier Kirchhof Schluckebier",0,1,"1","Schluckebier Eichberger Bryde Hoffmann-Riem Hohmann-Dennhardt",0,FALSE,0
"4883","1BvQ37/09",2009-08-26,1,1,"http://www.bundesverfassungsgericht.de/SharedDocs/Entscheidungen/DE/2009/08/qk20090826_1bvq003709.html;jsessionid=5159313913D162C5D840340CE6295523.2_cid393",3,"Gaier","Schluckebier","Kirchhof","Papier","Bryde","Schluckebier","Kirchhof Gaier Hohmann-Dennhardt Masing Eichberger","Papier Bryde","Gaier Kirchhof","Schluckebier Kirchhof Gaier",1,0,"1 2","Kirchhof Gaier Hohmann-Dennhardt Masing Eichberger",1,FALSE,0
"1949","1BvR2393/081BvR2580/081BvR2606/08",2010-08-02,1,0,"http://www.bundesverfassungsgericht.de/SharedDocs/Entscheidungen/DE/2010/08/rk20100802_1bvr239308.html;jsessionid=0D82C584CD8F87D30633FCD82E304810.2_cid383",3,"Bryde","Schluckebier","Paulus","Kirchhof","Bryde","Schluckebier","Paulus Gaier Hohmann-Dennhardt Masing Eichberger","Kirchhof","Paulus","Bryde Schluckebier Paulus",1,0,"1","Paulus Gaier Masing Eichberger",1,FALSE,0
"3796","1BvR2658/10",2011-04-26,1,0,"http://www.bundesverfassungsgericht.de/SharedDocs/Entscheidungen/DE/2011/04/rk20110426_1bvr265810.html;jsessionid=B90036CC1DF4004E54AECFF2307C4278.2_cid383",3,"Kirchhof","Baer","Britz","Kirchhof","Schluckebier","Baer","Britz Paulus Gaier Masing Eichberger","Schluckebier","Britz","Kirchhof Baer Britz",2,0,"1","Britz Paulus Gaier Masing Eichberger",2,FALSE,0
"4503","1BvR2018/10",2011-05-05,1,0,"http://www.bundesverfassungsgericht.de/SharedDocs/Entscheidungen/DE/2011/05/rk20110505_1bvr201810.html;jsessionid=F3EA4AD874BACC1228B0D5C9EDCAEA62.2_cid394",3,"Schluckebier","Paulus","Baer","Kirchhof","Schluckebier","Baer","Britz Paulus Gaier Masing Eichberger","Kirchhof","Paulus","Schluckebier Baer Britz",2,0,"2","Britz Paulus Gaier Masing Eichberger",1,FALSE,1
"5011","1BvR2952/08",2012-06-28,1,0,"http://www.bundesverfassungsgericht.de/SharedDocs/Entscheidungen/DE/2012/06/rk20120628_1bvr295208.html;jsessionid=8931E03B628BFF00F4D82799FF13266D.2_cid392",3,"Gaier","Schluckebier","Baer","Kirchhof","Schluckebier","Baer","Britz Paulus Gaier Masing Eichberger","Kirchhof","Gaier","Schluckebier Baer Britz",2,0,"3","Britz Paulus Gaier Masing Eichberger",2,FALSE,1
"154","1BvR2953/081BvR2956/081BvR2957/081BvR3488/081BvR3489/081BvR1421/091BvR1422/091BvR1423/091BvR1425/091BvR2042/09",2012-11-14,1,0,"http://www.bundesverfassungsgericht.de/SharedDocs/Entscheidungen/DE/2012/11/rk20121114_1bvr295308.html;jsessionid=9CB799E67AC00F933DE19DA3E0F0B873.2_cid370",3,"Gaier","Schluckebier","Baer","Kirchhof","Schluckebier","Baer","Britz Paulus Gaier Masing Eichberger","Kirchhof","Gaier","Schluckebier Baer Britz",2,0,"2","Britz Gaier Masing Eichberger",2,FALSE,1
"4905","1BvR2519/13",2013-09-09,1,1,"http://www.bundesverfassungsgericht.de/SharedDocs/Entscheidungen/DE/2013/09/rk20130909a_1bvr251913.html;jsessionid=34EBBA5B1E18F5B4D35FBF0FA49C5BBC.2_cid393",3,"Kirchhof","Paulus","Baer","Kirchhof","Masing","Baer","Paulus Schluckebier Gaier Britz Eichberger","Masing","Paulus","Kirchhof Baer Paulus",1,0,"1","Paulus Schluckebier Gaier Britz Eichberger",1,FALSE,0
"5399","1BvR2554/13",2013-09-26,1,1,"http://www.bundesverfassungsgericht.de/SharedDocs/Entscheidungen/DE/2013/09/rk20130926_1bvr255413.html;jsessionid=B1A80688CC99F3B3389681B9C0BACDEF.2_cid370",3,"Kirchhof","Paulus","Baer","Kirchhof","Masing","Baer","Paulus Schluckebier Gaier Britz Eichberger","Masing","Paulus","Kirchhof Baer Paulus",1,0,"1","Paulus Schluckebier Gaier Britz Eichberger",1,FALSE,0
"799","1BvQ52/13",2013-11-08,1,1,"http://www.bundesverfassungsgericht.de/SharedDocs/Entscheidungen/DE/2013/11/qk20131108_1bvq005213.html;jsessionid=85CFCB82CF99B11FF23881794AC7C5C7.2_cid383",3,"Kirchhof","Masing","Gaier","Kirchhof","Masing","Baer","Paulus Schluckebier Gaier Britz Eichberger","Baer","Gaier","Kirchhof Masing Paulus",1,0,"3","Paulus Schluckebier Gaier Britz Eichberger",2,FALSE,1
"157","1BvR1858/14",2014-07-31,1,1,"http://www.bundesverfassungsgericht.de/SharedDocs/Entscheidungen/DE/2014/07/rk20140731_1bvr185814.html;jsessionid=1EA74CE209CCBCB21683A9D225F07ED6.2_cid392",3,"Kirchhof","Masing","Schluckebier","Kirchhof","Masing","Baer","Paulus Schluckebier Gaier Britz Eichberger","Baer","Schluckebier","Kirchhof Masing Paulus",1,0,"2","Paulus Schluckebier Gaier Britz Eichberger",1,FALSE,1
"3924","1BvR3017/11",2014-09-24,1,0,"http://www.bundesverfassungsgericht.de/SharedDocs/Entscheidungen/DE/2014/09/rk20140924_1bvr301711.html;jsessionid=903CC26005153EF3909C3CE2F25269A9.2_cid393",3,"Kirchhof","Paulus","Baer","Kirchhof","Masing","Baer","Paulus Schluckebier Gaier Britz Eichberger","Masing","Paulus","Kirchhof Baer Paulus",1,0,"1","Paulus Schluckebier Gaier Britz Eichberger",1,FALSE,0
"181","1BvQ25/15",2015-07-18,1,1,"http://www.bundesverfassungsgericht.de/SharedDocs/Entscheidungen/DE/2015/07/qk20150718_1bvq002515.html;jsessionid=0B1F08F8152FD4773BA3A340FB471CB3.2_cid394",3,"Gaier","Masing","Baer","Kirchhof","Masing","Baer","Paulus Schluckebier Gaier Britz Eichberger","Kirchhof","Gaier","Masing Baer Paulus",2,0,"3","Paulus Schluckebier Gaier Britz Eichberger",3,FALSE,1
"2569","1BvR1917/15",2015-08-19,1,1,"http://www.bundesverfassungsgericht.de/SharedDocs/Entscheidungen/DE/2015/08/rk20150819_1bvr191715.html;jsessionid=04D538A18A65A7BCBC346954028EEB4D.2_cid361",3,"Gaier","Paulus","Baer","Kirchhof","Masing","Baer","Paulus Schluckebier Gaier Britz Eichberger","Masing","Paulus","Gaier Baer Paulus",2,0,"1","Paulus Schluckebier Britz Eichberger",2,FALSE,0
"4172","1BvR1983/15",2015-09-03,1,1,"http://www.bundesverfassungsgericht.de/SharedDocs/Entscheidungen/DE/2015/09/rk20150903_1bvr198315.html;jsessionid=C1CD69F37E3EEE34754F31E630B4E352.2_cid393",3,"Masing","Paulus","Baer","Kirchhof","Masing","Baer","Paulus Schluckebier Gaier Britz Eichberger","Kirchhof","Paulus","Masing Baer Paulus",2,0,"1","Paulus Schluckebier Gaier Britz Eichberger",2,FALSE,0
"487","1BvR2211/15",2015-09-11,1,1,"http://www.bundesverfassungsgericht.de/SharedDocs/Entscheidungen/DE/2015/09/rk20150911_1bvr221115.html;jsessionid=9C0870F43D3ABC03D62E604F35F5B708.2_cid393",3,"Gaier","Masing","Baer","Kirchhof","Masing","Baer","Paulus Schluckebier Gaier Britz Eichberger","Kirchhof","Gaier","Masing Baer Paulus",2,0,"3","Paulus Schluckebier Gaier Britz Eichberger",3,FALSE,1
"5451","1BvQ47/15",2015-12-02,1,1,"http://www.bundesverfassungsgericht.de/SharedDocs/Entscheidungen/DE/2015/12/qk20151202_1bvq004715.html;jsessionid=C95CB424CE4C0BAD18B943448E3D3FDD.2_cid393",3,"Schluckebier","Masing","Baer","Kirchhof","Masing","Baer","Paulus Schluckebier Gaier Britz Eichberger","Kirchhof","Schluckebier","Masing Baer Paulus",2,0,"2","Paulus Schluckebier Gaier Britz Eichberger",2,FALSE,1
"2772","2BvR2555/96",1998-05-04,2,0,"http://www.bundesverfassungsgericht.de/SharedDocs/Entscheidungen/DE/1998/05/rk19980504_2bvr255596.html;jsessionid=22DE9A56B5AE7F2AC1621AC313EA584B.2_cid394",1,"Winter","Sommer","Hassemer","Sommer","Jentsch","Hassemer","Limbach Winter Kruis Kirchhof Graßhof","Jentsch","Winter","Sommer Hassemer Limbach",3,1,"2","Limbach Winter Kruis Kirchhof Graßhof",2,FALSE,1
"4900","2BvR99/97",1998-07-24,2,1,"http://www.bundesverfassungsgericht.de/SharedDocs/Entscheidungen/DE/1998/07/rk19980724_2bvr009997.html;jsessionid=B9BC72234980F6E821EE2C47BA84AD30.2_cid392",1,"Winter","Sommer","Jentsch","Sommer","Jentsch","Hassemer","Limbach Winter Kruis Kirchhof Graßhof","Hassemer","Winter","Sommer Jentsch Limbach",2,0,"2","Limbach Winter Kruis Kirchhof Graßhof",1,FALSE,1
"4221","2BvR1328/96",1998-10-16,2,1,"http://www.bundesverfassungsgericht.de/SharedDocs/Entscheidungen/DE/1998/10/rk19981016_2bvr132896.html;jsessionid=9231227D3AA9A1E31A3B4FFAFFF9705B.2_cid394",1,"Sommer","Hassemer","Broß","Sommer","Broß","Osterloh","Winter Hassemer Limbach Kirchhof Jentsch","Osterloh","Hassemer","Sommer Broß Winter",1,0,"2","Winter Hassemer Limbach Kirchhof Jentsch",2,FALSE,1
"2423","1BvR335/89",1999-12-02,2,0,"http://www.bundesverfassungsgericht.de/SharedDocs/Entscheidungen/DE/1999/12/rk19991202_1bvr033589.html;jsessionid=3B2C9E56EC1EEDC35BCB4C64F2D7E0FC.2_cid370",1,"Papier","Grimm","Hömig","Sommer","Broß","Osterloh","Winter Hassemer Limbach Kirchhof Jentsch","Sommer Broß Osterloh","Papier Grimm Hömig","Hassemer Limbach Kirchhof",2,0,NA,"Hassemer Limbach Kirchhof Jentsch",1,FALSE,NA
"5220","2BvR1430/00",2000-08-24,2,1,"http://www.bundesverfassungsgericht.de/SharedDocs/Entscheidungen/DE/2000/08/rk20000824_2bvr143000.html;jsessionid=6B0FDFE53DE6120810C9E2D9A3F722CB.2_cid383",1,"Limbach","Sommer","Broß","Sommer","Broß","Osterloh","DiFabio Winter Hassemer Limbach Jentsch","Osterloh","Limbach","Sommer Broß Limbach",2,0,"1","Limbach Jentsch",2,FALSE,0
"3774","2BvR2205/99",2000-12-27,2,0,"http://www.bundesverfassungsgericht.de/SharedDocs/Entscheidungen/DE/2000/12/rk20001227_2bvr220599.html;jsessionid=8BCC8DB433E98CEF9BA3A7B9C11904D7.2_cid361",1,"Sommer","Broß","DiFabio","Sommer","Broß","Osterloh","DiFabio Winter Hassemer Limbach Jentsch","Osterloh","DiFabio","Sommer Broß DiFabio",1,0,"1","DiFabio Hassemer Limbach",1,FALSE,0
"1403","2BvR902/00",2001-01-16,2,0,"http://www.bundesverfassungsgericht.de/SharedDocs/Entscheidungen/DE/2001/01/rk20010116_2bvr090200.html;jsessionid=0E452C78C279777508AB061412CAE84B.2_cid392",1,"Sommer","Broß","DiFabio","Sommer","Broß","Mellinghoff","DiFabio Osterloh Hassemer Limbach Jentsch","Mellinghoff","DiFabio","Sommer Broß DiFabio",1,0,"1","DiFabio Hassemer Limbach",1,FALSE,0
"615","2BvR54/04",2004-03-03,2,0,"http://www.bundesverfassungsgericht.de/SharedDocs/Entscheidungen/DE/2004/03/rk20040303_2bvr005404.html;jsessionid=DCDDC4801AA81DD5B61D5B6250672406.2_cid361",1,"Broß","DiFabio","Osterloh","Broß","DiFabio","Gerhardt","Lübbe-Wolff Jentsch Mellinghoff Osterloh Hassemer","Gerhardt","Osterloh","Broß DiFabio Lübbe-Wolff",1,0,"4","Lübbe-Wolff Jentsch Mellinghoff Osterloh Hassemer",1,FALSE,1
"649","2BvQ25/05",2005-09-02,2,1,"http://www.bundesverfassungsgericht.de/SharedDocs/Entscheidungen/DE/2005/09/qk20050902_2bvq002505.html;jsessionid=B0D5A2BDB7BAA98A9362AEE213BE6BB3.2_cid370",1,"Jentsch","Broß","Lübbe-Wolff","Broß","DiFabio","Lübbe-Wolff","Gerhardt Jentsch Mellinghoff Osterloh Hassemer","DiFabio","Jentsch","Broß Lübbe-Wolff Jentsch",1,0,"1","Jentsch Mellinghoff Osterloh Hassemer",1,FALSE,0
"2706","2BvR1779/05",2005-12-23,2,1,"http://www.bundesverfassungsgericht.de/SharedDocs/Entscheidungen/DE/2005/12/rk20051223_2bvr177905.html;jsessionid=16C45B617C712F24ACD062B9C3343234.2_cid383",1,"Broß","DiFabio","Landau","Hassemer","DiFabio","Landau","Gerhardt Lübbe-Wolff Broß Mellinghoff Osterloh","Hassemer","Broß","DiFabio Landau Gerhardt",1,0,"3","Gerhardt Lübbe-Wolff Broß Mellinghoff Osterloh",0,FALSE,1
"2436","2BvR2/06",2006-01-05,2,1,"http://www.bundesverfassungsgericht.de/SharedDocs/Entscheidungen/DE/2006/01/rk20060105_2bvr000206.html;jsessionid=17C06F891C077DA7931653949BBBAF9E.2_cid361",1,"Broß","Mellinghoff","Landau","Hassemer","DiFabio","Landau","Gerhardt Lübbe-Wolff Broß Mellinghoff Osterloh","DiFabio","Mellinghoff","Broß Landau Gerhardt",1,0,"3","Gerhardt Lübbe-Wolff Mellinghoff Osterloh",0,FALSE,1
"533","2BvR173/06",2006-02-23,2,0,"http://www.bundesverfassungsgericht.de/SharedDocs/Entscheidungen/DE/2006/02/rk20060223_2bvr017306.html;jsessionid=96A5AF3C78AD4C2BB489878A0B2C2E98.2_cid361",1,"Hassemer","DiFabio","Gerhardt","Hassemer","DiFabio","Landau","Gerhardt Lübbe-Wolff Broß Mellinghoff Osterloh","Landau","Gerhardt","Hassemer DiFabio Gerhardt",2,0,"1","Gerhardt Lübbe-Wolff Broß Mellinghoff Osterloh",2,FALSE,0
"64","2BvR513/06",2006-07-12,2,1,"http://www.bundesverfassungsgericht.de/SharedDocs/Entscheidungen/DE/2006/07/rk20060712_2bvr051306.html;jsessionid=0ACA0B4BA9BC326B8E992B364F7741A6.2_cid393",1,"Hassemer","DiFabio","Gerhardt","Hassemer","DiFabio","Landau","Gerhardt Lübbe-Wolff Broß Mellinghoff Osterloh","Landau","Gerhardt","Hassemer DiFabio Gerhardt",2,0,"1","Gerhardt Lübbe-Wolff Broß Mellinghoff Osterloh",2,FALSE,0
"3006","2BvR1103/07",2008-01-14,2,0,"http://www.bundesverfassungsgericht.de/SharedDocs/Entscheidungen/DE/2008/01/rk20080114_2bvr110307.html;jsessionid=25D9838AAD2A0FA0BC0CBEAA12A8839C.2_cid370",1,"Hassemer","DiFabio","Gerhardt","Hassemer","DiFabio","Landau","Gerhardt Lübbe-Wolff Broß Mellinghoff Osterloh","Landau","Gerhardt","Hassemer DiFabio Gerhardt",2,0,"1","Gerhardt Lübbe-Wolff Broß Mellinghoff Osterloh",2,FALSE,0
"3571","2BvR2306/07",2008-05-07,2,0,"http://www.bundesverfassungsgericht.de/SharedDocs/Entscheidungen/DE/2008/05/rk20080507_2bvr230607.html;jsessionid=BEE84988AAEC4884ACE284D5134441E8.2_cid383",1,"Hassemer","DiFabio","Landau","Voßkuhle","Osterloh","Mellinghoff","Landau DiFabio Broß Gerhardt Lübbe-Wolff","Voßkuhle Osterloh Mellinghoff","Hassemer DiFabio Landau","Landau DiFabio Broß",0,1,"1 2","Landau DiFabio Broß Gerhardt Lübbe-Wolff",1,FALSE,0
"5171","2BvR1448/08",2008-08-12,2,1,"http://www.bundesverfassungsgericht.de/SharedDocs/Entscheidungen/DE/2008/08/rk20080812_2bvr144808.html;jsessionid=E39EF4C2D8EA6E5707E05FAAFD52A116.2_cid370",1,"Osterloh","Mellinghoff","Gerhardt","Voßkuhle","Osterloh","Mellinghoff","Landau DiFabio Broß Gerhardt Lübbe-Wolff","Voßkuhle","Gerhardt","Osterloh Mellinghoff Landau",1,0,"4","Landau DiFabio Broß Gerhardt Lübbe-Wolff",2,FALSE,1
"2383","2BvQ56/09",2009-09-08,2,1,"http://www.bundesverfassungsgericht.de/SharedDocs/Entscheidungen/DE/2009/09/qk20090908_2bvq005609.html;jsessionid=6080B1BEFEB3C4924CD9C62B1356A143.2_cid394",1,"Osterloh","Gerhardt","Landau","Osterloh","Mellinghoff","Gerhardt","Landau DiFabio Broß Voßkuhle Lübbe-Wolff","Mellinghoff","Landau","Osterloh Gerhardt Landau",2,0,"1","Landau DiFabio Broß Voßkuhle",2,FALSE,0
"2589","2BvQ77/09",2009-11-05,2,1,"http://www.bundesverfassungsgericht.de/SharedDocs/Entscheidungen/DE/2009/11/qk20091105_2bvq007709.html;jsessionid=C618B1329FD9E0BBD6C2B9F5AAAE8278.2_cid361",1,"Broß","Osterloh","Gerhardt","Osterloh","Mellinghoff","Gerhardt","Landau DiFabio Broß Voßkuhle Lübbe-Wolff","Mellinghoff","Broß","Osterloh Gerhardt Landau",2,0,"3","Landau DiFabio Broß Voßkuhle Lübbe-Wolff",2,FALSE,1
"5366","2BvR2879/09",2009-12-22,2,1,"http://www.bundesverfassungsgericht.de/SharedDocs/Entscheidungen/DE/2009/12/rk20091222_2bvr287909.html;jsessionid=77945ED59FC72C23FFFAA9DD3BB6145B.2_cid361",1,"Mellinghoff","Gerhardt","Landau","Osterloh","Mellinghoff","Gerhardt","Landau DiFabio Broß Voßkuhle Lübbe-Wolff","Osterloh","Landau","Mellinghoff Gerhardt Landau",1,0,"1","Landau DiFabio Broß Voßkuhle Lübbe-Wolff",1,FALSE,0
"278","2BvR1392/10",2010-07-14,2,1,"http://www.bundesverfassungsgericht.de/SharedDocs/Entscheidungen/DE/2010/07/rk20100714_2bvr139210.html;jsessionid=20AA0549C27CCCA78ADE9C80AC423593.2_cid383",1,"Osterloh","Gerhardt","Landau","Osterloh","Mellinghoff","Gerhardt","Landau DiFabio Broß Voßkuhle Lübbe-Wolff","Mellinghoff","Landau","Osterloh Gerhardt Landau",2,0,"1","Landau DiFabio Broß Voßkuhle Lübbe-Wolff",2,FALSE,0
"3854","2BvR2435/10",2010-11-26,2,1,"http://www.bundesverfassungsgericht.de/SharedDocs/Entscheidungen/DE/2010/11/rk20101126_2bvr243510.html;jsessionid=2F6AF355F2566CA6A29CC43926CC2780.2_cid392",1,"Voßkuhle","Gerhardt","Hermanns","Voßkuhle","Gerhardt","Landau","Hermanns DiFabio Huber Lübbe-Wolff Mellinghoff","Landau","Hermanns","Voßkuhle Gerhardt Hermanns",3,1,"1","Hermanns DiFabio Huber Lübbe-Wolff Mellinghoff",3,FALSE,0
"2764","2BvR2640/12",2015-09-11,2,0,"http://www.bundesverfassungsgericht.de/SharedDocs/Entscheidungen/DE/2015/09/rk20150911_2bvr264012.html;jsessionid=9C0870F43D3ABC03D62E604F35F5B708.2_cid393",1,"Voßkuhle","Landau","Kessal-Wulf","Voßkuhle","Landau","Hermanns","König Kessal-Wulf Maidowski Müller Huber","Hermanns","Kessal-Wulf","Voßkuhle Landau König",2,0,"2","König Kessal-Wulf Maidowski Müller",1,FALSE,1
"2452","2BvR399/16",2016-02-26,2,1,"http://www.bundesverfassungsgericht.de/SharedDocs/Entscheidungen/DE/2016/02/rk20160226_2bvr039916.html;jsessionid=6C990C95823B12706064CC4FA81400E9.2_cid383",1,"Hermanns","König","Maidowski","Voßkuhle","Landau","Hermanns","König Kessal-Wulf Maidowski Müller Huber","Voßkuhle Landau","König Maidowski","Hermanns König Kessal-Wulf",2,0,"1 3","König Kessal-Wulf Maidowski Müller Huber",2,FALSE,1
"1158","2BvR2560/95",1998-04-07,2,1,"http://www.bundesverfassungsgericht.de/SharedDocs/Entscheidungen/DE/1998/04/rk19980407_2bvr256095.html;jsessionid=DDF90A18386DC79434EAE82538563D3D.2_cid370",2,"Kruis","Winter","Hassemer","Limbach","Kruis","Winter","Kirchhof Graßhof Hassemer Jentsch Sommer","Limbach","Hassemer","Kruis Winter Kirchhof",0,1,"3","Kirchhof Graßhof Hassemer Jentsch Sommer",1,FALSE,1
"2142","2BvR1827/97",1998-04-07,2,1,"http://www.bundesverfassungsgericht.de/SharedDocs/Entscheidungen/DE/1998/04/rk19980407_2bvr182797.html;jsessionid=DDF90A18386DC79434EAE82538563D3D.2_cid370",2,"Kruis","Winter","Jentsch","Limbach","Kruis","Winter","Kirchhof Graßhof Hassemer Jentsch Sommer","Limbach","Jentsch","Kruis Winter Kirchhof",0,1,"4","Kirchhof Graßhof Hassemer Jentsch Sommer",0,FALSE,1
"4979","2BvR61/96",1998-05-12,2,1,"http://www.bundesverfassungsgericht.de/SharedDocs/Entscheidungen/DE/1998/05/rk19980512_2bvr006196.html;jsessionid=22DE9A56B5AE7F2AC1621AC313EA584B.2_cid394",2,"Kruis","Winter","Hassemer","Limbach","Kruis","Winter","Kirchhof Graßhof Hassemer Jentsch Sommer","Limbach","Hassemer","Kruis Winter Kirchhof",0,1,"3","Kirchhof Graßhof Hassemer Jentsch Sommer",1,FALSE,1
"3172","2BvQ37/98",1998-12-29,2,1,"http://www.bundesverfassungsgericht.de/SharedDocs/Entscheidungen/DE/1998/12/qk19981229_2bvq003798.html;jsessionid=7B3CDC93132BD6B0819F8FF1462E5E06.2_cid361",2,"Winter","Jentsch","Broß","Limbach","Winter","Hassemer","Kirchhof Jentsch Osterloh Broß Sommer","Limbach Hassemer","Jentsch Broß","Winter Kirchhof Jentsch",0,1,"2 4","Kirchhof Jentsch Osterloh Broß Sommer",0,FALSE,1
"2584","2BvR514/99",1999-03-30,2,0,"http://www.bundesverfassungsgericht.de/SharedDocs/Entscheidungen/DE/1999/03/rk19990330_2bvr051499.html;jsessionid=C1FA29B8E2193C7A244136CE942B2960.2_cid392",2,"Winter","Jentsch","Osterloh","Limbach","Winter","Hassemer","Kirchhof Jentsch Osterloh Broß Sommer","Limbach Hassemer","Jentsch Osterloh","Winter Kirchhof Jentsch",0,1,"2 3","Kirchhof Jentsch Osterloh Broß Sommer",1,FALSE,1
"1711","2BvR2324/97",1999-05-07,2,1,"http://www.bundesverfassungsgericht.de/SharedDocs/Entscheidungen/DE/1999/05/rk19990507_2bvr232497.html;jsessionid=F5683A7F5DFE347CCC7FE9E0CF14959B.2_cid383",2,"Limbach","Jentsch","Hassemer","Limbach","Winter","Hassemer","Kirchhof Jentsch Osterloh Broß Sommer","Winter","Jentsch","Limbach Hassemer Kirchhof",2,0,"2","Kirchhof Jentsch Osterloh Broß Sommer",2,FALSE,1
"4408","2BvR116/99",1999-05-15,2,0,"http://www.bundesverfassungsgericht.de/SharedDocs/Entscheidungen/DE/1999/05/rk19990515_2bvr011699.html;jsessionid=8881AFBC8B2D8DFA06D4D3655BE38375.2_cid361",2,"Limbach","Jentsch","Hassemer","Limbach","Winter","Hassemer","Kirchhof Jentsch Osterloh Broß Sommer","Winter","Jentsch","Limbach Hassemer Kirchhof",2,0,"2","Kirchhof Jentsch Osterloh Broß Sommer",2,FALSE,1
"4420","2BvR867/99",1999-06-17,2,0,"http://www.bundesverfassungsgericht.de/SharedDocs/Entscheidungen/DE/1999/06/rk19990617_2bvr086799.html;jsessionid=0FE39A7E9DEC5C88EB947CC11FF749CE.2_cid383",2,"Limbach","Hassemer","Broß","Limbach","Winter","Hassemer","Kirchhof Jentsch Osterloh Broß Sommer","Winter","Broß","Limbach Hassemer Kirchhof",2,0,"4","Kirchhof Jentsch Osterloh Broß Sommer",2,FALSE,1
"5202","2BvR1454/98",1999-06-17,2,1,"http://www.bundesverfassungsgericht.de/SharedDocs/Entscheidungen/DE/1999/06/rk19990617_2bvr145498.html;jsessionid=EF9CFB45D94E8EE5BAF98D7CAD323484.2_cid361",2,"Limbach","Jentsch","Hassemer","Limbach","Winter","Hassemer","Kirchhof Jentsch Osterloh Broß Sommer","Winter","Jentsch","Limbach Hassemer Kirchhof",2,0,"2","Kirchhof Jentsch Osterloh Broß Sommer",2,FALSE,1
"2854","2BvQ28/99",1999-06-24,2,1,"http://www.bundesverfassungsgericht.de/SharedDocs/Entscheidungen/DE/1999/06/qk19990624_2bvq002899.html;jsessionid=E15014063C39A60832E880975FEF1A39.2_cid393",2,"Limbach","Hassemer","Broß","Limbach","Winter","Hassemer","Kirchhof Jentsch Osterloh Broß Sommer","Winter","Broß","Limbach Hassemer Kirchhof",2,0,"4","Kirchhof Jentsch Osterloh Broß Sommer",2,FALSE,1
"392","2BvR1067/99",1999-06-30,2,0,"http://www.bundesverfassungsgericht.de/SharedDocs/Entscheidungen/DE/1999/06/rk19990630_2bvr106799.html;jsessionid=E15014063C39A60832E880975FEF1A39.2_cid393",2,"Limbach","Jentsch","Hassemer","Limbach","Winter","Hassemer","Kirchhof Jentsch Osterloh Broß Sommer","Winter","Jentsch","Limbach Hassemer Kirchhof",2,0,"2","Kirchhof Jentsch Osterloh Broß Sommer",2,FALSE,1
"4422","2BvQ30/99",1999-08-20,2,1,"http://www.bundesverfassungsgericht.de/SharedDocs/Entscheidungen/DE/1999/08/qk19990820_2bvq003099.html;jsessionid=FEC40B4245B7BC242D100C8316F0EE4D.2_cid370",2,"Jentsch","Hassemer","Broß","Limbach","Winter","Hassemer","Kirchhof Jentsch Osterloh Broß Sommer","Limbach","Broß","Jentsch Hassemer Kirchhof",1,0,"3","Kirchhof Osterloh Broß Sommer",1,FALSE,1
"190","2BvR1897/952BvR3000/95",1999-09-28,2,0,"http://www.bundesverfassungsgericht.de/SharedDocs/Entscheidungen/DE/1999/09/rk19990928_2bvr189795.html;jsessionid=24391807022EB4CC84ADD16C1B043810.2_cid361",2,"Limbach","Jentsch","Hassemer","Limbach","Winter","Hassemer","Kirchhof Jentsch Osterloh Broß Sommer","Winter","Jentsch","Limbach Hassemer Kirchhof",2,0,"2","Kirchhof Jentsch Osterloh Broß Sommer",2,FALSE,1
"3097","2BvR2039/99",1999-11-03,2,1,"http://www.bundesverfassungsgericht.de/SharedDocs/Entscheidungen/DE/1999/11/rk19991103_2bvr203999.html;jsessionid=D0C83912D90B6C90D26661055B8BC884.2_cid370",2,"Limbach","Jentsch","Hassemer","Limbach","Winter","Hassemer","Kirchhof Jentsch Osterloh Broß Sommer","Winter","Jentsch","Limbach Hassemer Kirchhof",2,0,"2","Kirchhof Jentsch Osterloh Broß Sommer",2,FALSE,1
"1727","2BvR2414/99",2000-01-11,2,0,"http://www.bundesverfassungsgericht.de/SharedDocs/Entscheidungen/DE/2000/01/rk20000111_2bvr241499.html;jsessionid=A5F8DDFF7A14A5E5DEC3374435944847.2_cid392",2,"Hassemer","Broß","DiFabio","Sommer","Osterloh","DiFabio","Winter Hassemer Limbach Jentsch Broß","Sommer Osterloh","Hassemer Broß","DiFabio Hassemer Limbach",2,0,"1 4","Hassemer Limbach Jentsch Broß",1,FALSE,1
"1583","2BvR1363/00",2000-08-22,2,1,"http://www.bundesverfassungsgericht.de/SharedDocs/Entscheidungen/DE/2000/08/rk20000822_2bvr136300.html;jsessionid=B936E3B7FE84BCE89255E956407C2149.2_cid361",2,"Sommer","Jentsch","Broß","Sommer","Osterloh","DiFabio","Winter Hassemer Limbach Jentsch Broß","Osterloh DiFabio","Jentsch Broß","Sommer Limbach Jentsch",2,0,"2 3","Limbach Jentsch Broß",1,FALSE,1
"99","2BvR1301/01",2001-08-17,2,1,"http://www.bundesverfassungsgericht.de/SharedDocs/Entscheidungen/DE/2001/08/rk20010817_2bvr130101.html;jsessionid=A3A45206CD447D2B760C06E246207FAF.2_cid370",2,"Sommer","Jentsch","Broß","Sommer","Osterloh","DiFabio","Mellinghoff Hassemer Limbach Jentsch Broß","Osterloh DiFabio","Jentsch Broß","Sommer Hassemer Limbach",3,1,"3 4","Hassemer Limbach Jentsch Broß",1,FALSE,1
"2351","2BvQ32/02",2002-06-14,2,1,"http://www.bundesverfassungsgericht.de/SharedDocs/Entscheidungen/DE/2002/06/qk20020614_2bvq003202.html;jsessionid=2772AB319472F1D3E51EE6AFB666256B.2_cid370",2,"Sommer","Jentsch","Osterloh","Jentsch","Broß","Lübbe-Wolff","Mellinghoff Osterloh Hassemer DiFabio Sommer","Broß Lübbe-Wolff","Sommer Osterloh","Jentsch Mellinghoff Osterloh",1,0,"2 5","Mellinghoff Osterloh Hassemer DiFabio Sommer",2,FALSE,1
"1738","2BvR1332/02",2002-08-30,2,1,"http://www.bundesverfassungsgericht.de/SharedDocs/Entscheidungen/DE/2002/08/rk20020830_2bvr133202.html;jsessionid=0357DEC707186E41B35463FB6A3905F6.2_cid370",2,"Jentsch","Broß","Mellinghoff","Jentsch","Broß","Lübbe-Wolff","Mellinghoff Osterloh Hassemer DiFabio Sommer","Lübbe-Wolff","Mellinghoff","Jentsch Broß Mellinghoff",0,1,"1","Mellinghoff Hassemer DiFabio Sommer",0,FALSE,0
"4859","2BvR530/03",2003-05-06,2,0,"http://www.bundesverfassungsgericht.de/SharedDocs/Entscheidungen/DE/2003/05/rk20030506_2bvr053003.html;jsessionid=DBB7491583B2BBE19324CA34A5558222.2_cid392",2,"Hassemer","Broß","Lübbe-Wolff","Jentsch","Broß","Lübbe-Wolff","Mellinghoff Osterloh Hassemer DiFabio Sommer","Jentsch","Hassemer","Broß Lübbe-Wolff Mellinghoff",1,0,"3","Mellinghoff Osterloh Hassemer DiFabio Sommer",2,FALSE,1
"3626","2BvR911/03",2003-08-27,2,0,"http://www.bundesverfassungsgericht.de/SharedDocs/Entscheidungen/DE/2003/08/rk20030827_2bvr091103.html;jsessionid=A57321C7EA2A3076FBFAC76FCAA948E0.2_cid394",2,"Jentsch","Broß","Gerhardt","Jentsch","Broß","Lübbe-Wolff","Mellinghoff Osterloh Hassemer Gerhardt DiFabio","Lübbe-Wolff","Gerhardt","Jentsch Broß Mellinghoff",0,1,"4","Mellinghoff Osterloh Hassemer Gerhardt DiFabio",1,FALSE,1
"4541","2BvR1324/03",2003-08-27,2,1,"http://www.bundesverfassungsgericht.de/SharedDocs/Entscheidungen/DE/2003/08/rk20030827_2bvr132403.html;jsessionid=A57321C7EA2A3076FBFAC76FCAA948E0.2_cid394",2,"Jentsch","Broß","Osterloh","Jentsch","Broß","Lübbe-Wolff","Mellinghoff Osterloh Hassemer Gerhardt DiFabio","Lübbe-Wolff","Osterloh","Jentsch Broß Mellinghoff",0,1,"2","Mellinghoff Osterloh Hassemer Gerhardt DiFabio",1,FALSE,1
"1469","2BvR1357/05",2005-08-18,2,1,"http://www.bundesverfassungsgericht.de/SharedDocs/Entscheidungen/DE/2005/08/rk20050818_2bvr135705.html;jsessionid=36A0DAE57164033182B7ABCBC7E2FDDB.2_cid383",2,"Hassemer","Jentsch","Broß","Jentsch","Broß","Gerhardt","Mellinghoff Osterloh Hassemer Lübbe-Wolff DiFabio","Gerhardt","Hassemer","Jentsch Broß Mellinghoff",0,1,"3","Mellinghoff Osterloh Hassemer Lübbe-Wolff DiFabio",1,FALSE,1
"5211","2BvR1651/03",2005-09-26,2,0,"http://www.bundesverfassungsgericht.de/SharedDocs/Entscheidungen/DE/2005/09/rk20050926_2bvr165103.html;jsessionid=2F60A369955D29D4FAC0A68C973436E7.2_cid370",2,"Broß","DiFabio","Lübbe-Wolff","Jentsch","Broß","Gerhardt","Mellinghoff Osterloh Hassemer Lübbe-Wolff DiFabio","Jentsch Gerhardt","DiFabio Lübbe-Wolff","Broß Mellinghoff Osterloh",1,0,"4 5","Mellinghoff Osterloh Hassemer Lübbe-Wolff DiFabio",1,FALSE,1
"2301","2BvQ22/06",2006-04-12,2,1,"http://www.bundesverfassungsgericht.de/SharedDocs/Entscheidungen/DE/2006/04/qk20060412_2bvq002206.html;jsessionid=825A88EC74D740676BA35D54BCA78672.2_cid383",2,"Osterloh","Lübbe-Wolff","Gerhardt","Broß","Lübbe-Wolff","Gerhardt","Mellinghoff Osterloh Landau DiFabio Hassemer","Broß","Osterloh","Lübbe-Wolff Gerhardt Mellinghoff",2,0,"2","Mellinghoff Osterloh Landau DiFabio Hassemer",3,FALSE,1
"1181","2BvR699/06",2006-04-15,2,0,"http://www.bundesverfassungsgericht.de/SharedDocs/Entscheidungen/DE/2006/04/rk20060415_2bvr069906.html;jsessionid=825A88EC74D740676BA35D54BCA78672.2_cid383",2,"Osterloh","Mellinghoff","Lübbe-Wolff","Broß","Lübbe-Wolff","Gerhardt","Mellinghoff Osterloh Landau DiFabio Hassemer","Gerhardt","Mellinghoff","Osterloh Lübbe-Wolff Mellinghoff",2,0,"1","Mellinghoff Landau DiFabio Hassemer",2,FALSE,0
"5595","2BvR620/03",2006-11-08,2,0,"http://www.bundesverfassungsgericht.de/SharedDocs/Entscheidungen/DE/2006/11/rk20061108_2bvr062003.html;jsessionid=A8439984FC9E689F07EAF30F30900166.2_cid383",2,"Hassemer","DiFabio","Landau","Broß","Lübbe-Wolff","Gerhardt","Mellinghoff Osterloh Landau DiFabio Hassemer","Broß Lübbe-Wolff Gerhardt","Hassemer DiFabio Landau","Mellinghoff Osterloh Landau",1,0,"3 4 5","Mellinghoff Osterloh Landau DiFabio Hassemer",1,FALSE,1
"2347","2BvR214/08",2008-02-04,2,0,"http://www.bundesverfassungsgericht.de/SharedDocs/Entscheidungen/DE/2008/02/rk20080204_2bvr021408.html;jsessionid=1F11CE875A4F82F7C310B0A4D9AA7613.2_cid361",2,"Osterloh","Mellinghoff","Lübbe-Wolff","Broß","Lübbe-Wolff","Gerhardt","Mellinghoff Osterloh Landau DiFabio Hassemer","Broß Gerhardt","Osterloh Mellinghoff","Lübbe-Wolff Mellinghoff Osterloh",2,0,"1 2","Mellinghoff Osterloh Landau DiFabio Hassemer",2,FALSE,0
"3494","2BvR733/08",2008-05-09,2,1,"http://www.bundesverfassungsgericht.de/SharedDocs/Entscheidungen/DE/2008/05/rk20080509_2bvr073308.html;jsessionid=BEE84988AAEC4884ACE284D5134441E8.2_cid383",2,"DiFabio","Gerhardt","Landau","Broß","DiFabio","Landau","Gerhardt Lübbe-Wolff Mellinghoff Voßkuhle Osterloh","Broß","Gerhardt","DiFabio Landau Gerhardt",1,0,"1","Gerhardt Lübbe-Wolff",1,FALSE,0
"1670","2BvR287/09",2009-02-19,2,1,"http://www.bundesverfassungsgericht.de/SharedDocs/Entscheidungen/DE/2009/02/rk20090219_2bvr028709.html;jsessionid=8D60BC7CBD2F5196C92A8C7CA855321B.2_cid383",2,"DiFabio","Lübbe-Wolff","Landau","Broß","DiFabio","Landau","Voßkuhle Lübbe-Wolff Mellinghoff Gerhardt Osterloh","Broß","Lübbe-Wolff","DiFabio Landau Voßkuhle",1,0,"2","Voßkuhle Lübbe-Wolff Mellinghoff Gerhardt Osterloh",1,FALSE,1
"2713","2BvR542/09",2009-07-23,2,1,"http://www.bundesverfassungsgericht.de/SharedDocs/Entscheidungen/DE/2009/07/rk20090723_2bvr054209.html;jsessionid=223BE4E499EDA1D5FD8CBC18639C0383.2_cid393",2,"Broß","Lübbe-Wolff","Landau","Broß","DiFabio","Landau","Voßkuhle Lübbe-Wolff Mellinghoff Gerhardt Osterloh","DiFabio","Lübbe-Wolff","Broß Landau Voßkuhle",1,0,"2","Voßkuhle Lübbe-Wolff Mellinghoff Gerhardt Osterloh",1,FALSE,1
"248","2BvR343/09",2009-08-11,2,0,"http://www.bundesverfassungsgericht.de/SharedDocs/Entscheidungen/DE/2009/08/rk20090811_2bvr034309.html;jsessionid=51CD31F9F518680A6559B3561958CEE5.2_cid392",2,"Broß","DiFabio","Lübbe-Wolff","Broß","DiFabio","Landau","Voßkuhle Lübbe-Wolff Mellinghoff Gerhardt Osterloh","Landau","Lübbe-Wolff","Broß DiFabio Voßkuhle",1,0,"2","Voßkuhle Lübbe-Wolff Mellinghoff Gerhardt Osterloh",1,FALSE,1
"1089","2BvR2307/06",2010-02-04,2,0,"http://www.bundesverfassungsgericht.de/SharedDocs/Entscheidungen/DE/2010/02/rk20100204_2bvr230706.html;jsessionid=3172F765B78C8CB992457F0AB816761A.2_cid361",2,"Broß","DiFabio","Gerhardt","Broß","DiFabio","Landau","Voßkuhle Lübbe-Wolff Mellinghoff Gerhardt Osterloh","Landau","Gerhardt","Broß DiFabio Voßkuhle",1,0,"4","Voßkuhle Lübbe-Wolff Mellinghoff Gerhardt Osterloh",1,FALSE,1
"374","2BvR571/10",2010-06-30,2,1,"http://www.bundesverfassungsgericht.de/SharedDocs/Entscheidungen/DE/2010/06/rk20100630_2bvr057110.html;jsessionid=03370AD628077006E65DF0F28921302F.2_cid394",2,"DiFabio","Lübbe-Wolff","Landau","Broß","DiFabio","Landau","Voßkuhle Lübbe-Wolff Mellinghoff Gerhardt Osterloh","Broß","Lübbe-Wolff","DiFabio Landau Voßkuhle",1,0,"2","Voßkuhle Lübbe-Wolff Mellinghoff Gerhardt Osterloh",1,FALSE,1
"5309","2BvL12/09",2010-11-16,2,0,"http://www.bundesverfassungsgericht.de/SharedDocs/Entscheidungen/DE/2010/11/lk20101116_2bvl001209.html;jsessionid=7A537DC5288CA2F3022010FB4005188E.2_cid361",2,"Broß","DiFabio","Landau","DiFabio","Gerhardt","Hermanns","Huber Lübbe-Wolff Mellinghoff Landau Voßkuhle","Gerhardt Hermanns","Broß Landau","DiFabio Huber Lübbe-Wolff",1,0,"4","Huber Lübbe-Wolff Mellinghoff Landau Voßkuhle",0,FALSE,1
"1021","2BvR1010/102BvR1219/10",2011-10-11,2,1,"http://www.bundesverfassungsgericht.de/SharedDocs/Entscheidungen/DE/2011/10/rk20111011_2bvr101010.html;jsessionid=5C03CA097DA877A4E52A8F579ADBC0FF.2_cid394",2,"Gerhardt","Huber","Hermanns","DiFabio","Gerhardt","Hermanns","Huber Lübbe-Wolff Mellinghoff Landau Voßkuhle","DiFabio","Huber","Gerhardt Hermanns Huber",2,0,"1","Huber Lübbe-Wolff Mellinghoff Landau Voßkuhle",2,FALSE,0
"2973","2BvQ50/12",2012-11-23,2,1,"http://www.bundesverfassungsgericht.de/SharedDocs/Entscheidungen/DE/2012/11/qk20121123_2bvq005012.html;jsessionid=20A8FD9103B6124B00D44930F80581EA.2_cid383",2,"Lübbe-Wolff","Gerhardt","Müller","Gerhardt","Hermanns","Müller","Kessal-Wulf Huber Lübbe-Wolff Landau Voßkuhle","Hermanns","Lübbe-Wolff","Gerhardt Müller Kessal-Wulf",1,0,"3","Kessal-Wulf Huber Lübbe-Wolff Landau Voßkuhle",2,FALSE,1
"3150","2BvR1698/12",2014-08-12,2,1,"http://www.bundesverfassungsgericht.de/SharedDocs/Entscheidungen/DE/2014/08/rk20140812_2bvr169812.html;jsessionid=1EA74CE209CCBCB21683A9D225F07ED6.2_cid392",2,"Landau","König","Maidowski","Landau","Kessal-Wulf","König","Maidowski Müller Huber Hermanns Voßkuhle","Kessal-Wulf","Maidowski","Landau König Maidowski",1,0,"1","Maidowski Müller Huber Hermanns Voßkuhle",1,FALSE,0
"3116","2BvR1513/14",2014-08-18,2,1,"http://www.bundesverfassungsgericht.de/SharedDocs/Entscheidungen/DE/2014/08/rk20140818_2bvr151314.html;jsessionid=1EA74CE209CCBCB21683A9D225F07ED6.2_cid392",2,"Landau","Müller","König","Landau","Kessal-Wulf","König","Maidowski Müller Huber Hermanns Voßkuhle","Kessal-Wulf","Müller","Landau König Maidowski",1,0,"2","Maidowski Müller Huber Hermanns Voßkuhle",1,FALSE,1
"5760","2BvR869/15",2015-05-29,2,1,"http://www.bundesverfassungsgericht.de/SharedDocs/Entscheidungen/DE/2015/05/rk20150529_2bvr086915.html;jsessionid=F6F231745753032FF32B68E207D3EFB1.2_cid394",2,"Hermanns","Kessal-Wulf","König","Landau","Kessal-Wulf","König","Maidowski Müller Huber Hermanns Voßkuhle","Landau","Hermanns","Kessal-Wulf König Maidowski",1,0,"4","Maidowski Müller Huber Hermanns Voßkuhle",2,FALSE,1
"5771","2BvR1180/15",2015-08-12,2,1,"http://www.bundesverfassungsgericht.de/SharedDocs/Entscheidungen/DE/2015/08/rk20150812_2bvr118015.html;jsessionid=2AA3FA5A27A35598D950C93F1A98E89C.2_cid383",2,"Landau","König","Maidowski","Landau","Kessal-Wulf","König","Maidowski Müller Huber Hermanns Voßkuhle","Kessal-Wulf","Maidowski","Landau König Maidowski",1,0,"1","Maidowski Müller Huber Hermanns Voßkuhle",1,FALSE,0
"2951","2BvR1206/98",1998-07-31,2,1,"http://www.bundesverfassungsgericht.de/SharedDocs/Entscheidungen/DE/1998/07/rk19980731_2bvr120698.html;jsessionid=7E206C850B1D8CA396DC7D94DF86A500.2_cid383",3,"Graßhof","Kirchhof","Jentsch","Limbach","Graßhof","Kirchhof","Hassemer Jentsch Sommer Winter Kruis","Limbach","Jentsch","Graßhof Kirchhof Jentsch",1,0,"1","Jentsch Sommer Winter Kruis",1,FALSE,0
"5038","2BvQ28/98",1998-08-11,2,1,"http://www.bundesverfassungsgericht.de/SharedDocs/Entscheidungen/DE/1998/08/qk19980811_2bvq002898.html;jsessionid=B5E238FD19CDE3B3CE14B3899F044F40.2_cid393",3,"Limbach","Graßhof","Sommer","Limbach","Graßhof","Kirchhof","Hassemer Jentsch Sommer Winter Kruis","Kirchhof","Sommer","Limbach Graßhof Hassemer",3,1,"3","Hassemer Jentsch Sommer Winter Kruis",3,FALSE,1
"1940","2BvR559/99",1999-03-31,2,1,"http://www.bundesverfassungsgericht.de/SharedDocs/Entscheidungen/DE/1999/03/rk19990331_2bvr055999.html;jsessionid=C1FA29B8E2193C7A244136CE942B2960.2_cid392",3,"Kirchhof","Jentsch","Osterloh","Limbach","Kirchhof","Jentsch","Osterloh Broß Sommer Winter Hassemer","Limbach","Osterloh","Kirchhof Jentsch Osterloh",1,0,"1","Osterloh Broß Sommer Winter",1,FALSE,0
"5306","2BvR1177/99",1999-07-26,2,1,"http://www.bundesverfassungsgericht.de/SharedDocs/Entscheidungen/DE/1999/07/rk19990726_2bvr117799.html;jsessionid=05658CAEF5F8EE850C8F6D0FF4FE7A47.2_cid392",3,"Limbach","Jentsch","Osterloh","Limbach","Kirchhof","Jentsch","Osterloh Broß Sommer Winter Hassemer","Kirchhof","Osterloh","Limbach Jentsch Osterloh",2,0,"1","Osterloh Broß Sommer Hassemer",2,FALSE,0
"833","2BvR1461/99",1999-08-13,2,1,"http://www.bundesverfassungsgericht.de/SharedDocs/Entscheidungen/DE/1999/08/rk19990813_2bvr146199.html;jsessionid=FEC40B4245B7BC242D100C8316F0EE4D.2_cid370",3,"Limbach","Sommer","Jentsch","Limbach","Kirchhof","Jentsch","Osterloh Broß Sommer Winter Hassemer","Kirchhof","Sommer","Limbach Jentsch Osterloh",2,0,"3","Osterloh Broß Sommer Hassemer",2,FALSE,1
"3176","2BvR1307/99",1999-08-16,2,1,"http://www.bundesverfassungsgericht.de/SharedDocs/Entscheidungen/DE/1999/08/rk19990816_2bvr130799.html;jsessionid=FEC40B4245B7BC242D100C8316F0EE4D.2_cid370",3,"Sommer","Jentsch","Broß","Limbach","Kirchhof","Jentsch","Osterloh Broß Sommer Winter Hassemer","Limbach","Broß","Sommer Jentsch Osterloh",2,0,"2","Osterloh Broß Hassemer",1,FALSE,1
"5023","2BvQ60/992BvR2414/99",2000-01-12,2,1,"http://www.bundesverfassungsgericht.de/SharedDocs/Entscheidungen/DE/2000/01/qk20000112_2bvq006099.html;jsessionid=2D695BAD8F3792E6DB6E07D1718DA6BE.2_cid392",3,"Hassemer","Broß","DiFabio","Limbach","Winter","Hassemer","DiFabio Jentsch Osterloh Broß Sommer","Limbach Winter","BroßDiFabio BroßDiFabio","Hassemer Broß DiFabio BroßDiFabio Jentsch",1,0,"1","BroßDiFabio Jentsch",1,FALSE,0
"442","2BvR2352/99",2000-02-24,2,0,"http://www.bundesverfassungsgericht.de/SharedDocs/Entscheidungen/DE/2000/02/rk20000224_2bvr235299.html;jsessionid=E6D27025F516174CE550A30F2FF18845.2_cid361",3,"Hassemer","Broß","DiFabio","Limbach","Winter","Hassemer","DiFabio Jentsch Osterloh Broß Sommer","Limbach Winter","BroßDiFabio BroßDiFabio","Hassemer Broß DiFabio BroßDiFabio Jentsch",1,0,"1","BroßDiFabio Jentsch Osterloh Sommer",1,FALSE,0
"3882","2BvR1261/00",2000-07-31,2,1,"http://www.bundesverfassungsgericht.de/SharedDocs/Entscheidungen/DE/2000/07/rk20000731_2bvr126100.html;jsessionid=D4AD9B61D4474C4C6C5EB8A9B13A7804.2_cid393",3,"Hassemer","Broß","Osterloh","Limbach","Winter","Hassemer","DiFabio Jentsch Osterloh Broß Sommer","Limbach","Osterloh","Hassemer Broß BroßDiFabio",1,0,"3","BroßDiFabio Jentsch Osterloh Sommer",2,FALSE,1
"4950","2BvR1372/00",2000-08-21,2,1,"http://www.bundesverfassungsgericht.de/SharedDocs/Entscheidungen/DE/2000/08/rk20000821_2bvr137200.html;jsessionid=B936E3B7FE84BCE89255E956407C2149.2_cid361",3,"Limbach","Sommer","Broß","Limbach","Winter","Hassemer","DiFabio Jentsch Osterloh Broß Sommer","Hassemer","Sommer","Limbach Broß BroßDiFabio",1,0,"4","BroßDiFabio Jentsch Osterloh Sommer",2,FALSE,1
"2069","2BvQ30/01",2001-08-01,2,1,"http://www.bundesverfassungsgericht.de/SharedDocs/Entscheidungen/DE/2001/08/qk20010801_2bvq003001.html;jsessionid=B18087CB825D0EE7CC53E3AD29240D61.2_cid370",3,"Hassemer","DiFabio","Mellinghoff","Limbach","Hassemer","Mellinghoff","DiFabio Jentsch Broß Sommer Osterloh","Limbach","DiFabio","Hassemer Mellinghoff DiFabio",1,0,"1","DiFabio Jentsch Broß Sommer Osterloh",1,FALSE,0
"3812","2BvR1349/01",2001-08-14,2,0,"http://www.bundesverfassungsgericht.de/SharedDocs/Entscheidungen/DE/2001/08/rk20010814_2bvr134901.html;jsessionid=1A5C7763B55372D9DB010EBEA075CD89.2_cid361",3,"Limbach","Jentsch","Hassemer","Limbach","Hassemer","Mellinghoff","DiFabio Jentsch Broß Sommer Osterloh","Mellinghoff","Jentsch","Limbach Hassemer DiFabio",2,0,"2","DiFabio Jentsch Broß Sommer Osterloh",2,FALSE,1
"2013","2BvR1523/01",2001-09-10,2,1,"http://www.bundesverfassungsgericht.de/SharedDocs/Entscheidungen/DE/2001/09/rk20010910_2bvr152301.html;jsessionid=BFF0A24ED1F9AE41C4724361FE06A327.2_cid361",3,"Limbach","Hassemer","Osterloh","Limbach","Hassemer","Mellinghoff","DiFabio Jentsch Broß Sommer Osterloh","Mellinghoff","Osterloh","Limbach Hassemer DiFabio",2,0,"5","DiFabio Jentsch Broß Sommer Osterloh",3,FALSE,1
"5727","2BvQ7/02",2002-01-30,2,1,"http://www.bundesverfassungsgericht.de/SharedDocs/Entscheidungen/DE/2002/01/qk20020130_2bvq000702.html;jsessionid=149682A0A6CA2B20E71714AF280C65F2.2_cid394",3,"Limbach","Hassemer","DiFabio","Limbach","Hassemer","Mellinghoff","DiFabio Jentsch Broß Sommer Osterloh","Mellinghoff","DiFabio","Limbach Hassemer DiFabio",2,0,"1","DiFabio Jentsch Broß Sommer Osterloh",2,FALSE,0
"3635","2BvR397/02",2002-03-21,2,0,"http://www.bundesverfassungsgericht.de/SharedDocs/Entscheidungen/DE/2002/03/rk20020321_2bvr039702.html;jsessionid=93733B71A4C048FDC4BD8DBCDB090A82.2_cid392",3,"Sommer","Hassemer","Osterloh","Limbach","Hassemer","Mellinghoff","DiFabio Jentsch Broß Sommer Osterloh","Limbach Mellinghoff","Sommer Osterloh","Hassemer DiFabio Jentsch",1,0,"4 5","DiFabio Jentsch Broß Sommer Osterloh",3,FALSE,1
"3519","2BvQ31/022BvR909/02",2002-06-20,2,1,"http://www.bundesverfassungsgericht.de/SharedDocs/Entscheidungen/DE/2002/06/qk20020620_2bvq003102.html;jsessionid=81488CACDF83D350EC28126667CAF0CD.2_cid361",3,"Sommer","Osterloh","Mellinghoff","Hassemer","Osterloh","Mellinghoff","Lübbe-Wolff DiFabio Sommer Broß Jentsch","Hassemer","Sommer","Osterloh Mellinghoff DiFabio",1,0,"2","DiFabio Sommer Jentsch",2,FALSE,1
"4809","2BvR932/02",2002-08-12,2,1,"http://www.bundesverfassungsgericht.de/SharedDocs/Entscheidungen/DE/2002/08/rk20020812_2bvr093202.html;jsessionid=02E993E44D5A1040786F05A9FD2E9768.2_cid361",3,"Hassemer","Sommer","Broß","Hassemer","Osterloh","Mellinghoff","Lübbe-Wolff DiFabio Sommer Broß Jentsch","Osterloh Mellinghoff","Sommer Broß","Hassemer Lübbe-Wolff DiFabio",2,0,"3 4","Lübbe-Wolff DiFabio Sommer Broß Jentsch",2,FALSE,1
"5491","2BvR1570/00",2002-12-10,2,0,"http://www.bundesverfassungsgericht.de/SharedDocs/Entscheidungen/DE/2002/12/rk20021210_2bvr157000.html;jsessionid=09ABC313A687CCDD4F52A9AAF9AED3E8.2_cid383",3,"Hassemer","Osterloh","Lübbe-Wolff","Hassemer","Osterloh","Mellinghoff","Lübbe-Wolff DiFabio Sommer Broß Jentsch","Mellinghoff","Lübbe-Wolff","Hassemer Osterloh Lübbe-Wolff",3,1,"1","Lübbe-Wolff DiFabio Sommer Broß Jentsch",3,FALSE,0
"4151","2BvR2045/02",2003-01-02,2,1,"http://www.bundesverfassungsgericht.de/SharedDocs/Entscheidungen/DE/2003/01/rk20030102_2bvr204502.html;jsessionid=50932CD28FA7218491695AA3F17BE07E.2_cid361",3,"Hassemer","Broß","Mellinghoff","Hassemer","Osterloh","Mellinghoff","Lübbe-Wolff DiFabio Sommer Broß Jentsch","Osterloh","Broß","Hassemer Mellinghoff Lübbe-Wolff",2,0,"4","Lübbe-Wolff DiFabio Sommer Broß Jentsch",1,FALSE,1
"5058","2BvR1802/02",2004-06-03,2,0,"http://www.bundesverfassungsgericht.de/SharedDocs/Entscheidungen/DE/2004/06/rk20040603_2bvr180202.html;jsessionid=C7A84D01B3EA5B0C20605FEDA2A5EEB1.2_cid383",3,"Osterloh","Mellinghoff","Gerhardt","Hassemer","Osterloh","Mellinghoff","Gerhardt DiFabio Broß Lübbe-Wolff Jentsch","Hassemer","Gerhardt","Osterloh Mellinghoff Gerhardt",2,0,"1","Gerhardt DiFabio Broß Lübbe-Wolff Jentsch",2,FALSE,0
"1637","2BvR2057/05",2005-12-29,2,1,"http://www.bundesverfassungsgericht.de/SharedDocs/Entscheidungen/DE/2005/12/rk20051229_2bvr205705.html;jsessionid=16C45B617C712F24ACD062B9C3343234.2_cid383",3,"Broß","Osterloh","Landau","Broß","Osterloh","Mellinghoff","Landau DiFabio Hassemer Gerhardt Lübbe-Wolff","Mellinghoff","Landau","Broß Osterloh Landau",1,0,"1","Landau DiFabio Gerhardt Lübbe-Wolff",1,FALSE,0
"4390","2BvR619/06",2006-04-06,2,0,"http://www.bundesverfassungsgericht.de/SharedDocs/Entscheidungen/DE/2006/04/rk20060406_2bvr061906.html;jsessionid=825A88EC74D740676BA35D54BCA78672.2_cid383",3,"Osterloh","Mellinghoff","Landau","Broß","Osterloh","Mellinghoff","Landau DiFabio Hassemer Gerhardt Lübbe-Wolff","Broß","Landau","Osterloh Mellinghoff Landau",1,0,"1","Landau DiFabio Hassemer Gerhardt Lübbe-Wolff",1,FALSE,0
"5461","2BvR375/00",2006-07-14,2,0,"http://www.bundesverfassungsgericht.de/SharedDocs/Entscheidungen/DE/2006/07/rk20060714_2bvr037500.html;jsessionid=7AB0F1722F9C0F4409AA3E0455F19A68.2_cid393",3,"Broß","Osterloh","Landau","Broß","Osterloh","Mellinghoff","Landau DiFabio Hassemer Gerhardt Lübbe-Wolff","Mellinghoff","Landau","Broß Osterloh Landau",1,0,"1","Landau DiFabio Hassemer Gerhardt Lübbe-Wolff",1,FALSE,0
"4860","2BvR1552/06",2006-08-24,2,1,"http://www.bundesverfassungsgericht.de/SharedDocs/Entscheidungen/DE/2006/08/rk20060824_2bvr155206.html;jsessionid=6DE55F6CB9BFCB6C3732C6040FF5BB50.2_cid394",3,"DiFabio","Mellinghoff","Gerhardt","Broß","Osterloh","Mellinghoff","Landau DiFabio Hassemer Gerhardt Lübbe-Wolff","Broß Osterloh","DiFabio Gerhardt","Mellinghoff Landau DiFabio",0,1,"2 4","Landau DiFabio Hassemer Gerhardt Lübbe-Wolff",1,FALSE,1
"5314","2BvR1485/07",2007-08-15,2,1,"http://www.bundesverfassungsgericht.de/SharedDocs/Entscheidungen/DE/2007/08/rk20070815_2bvr148507.html;jsessionid=613F3643E8199F2B5825B3EA1F3C877F.2_cid393",3,"Broß","Mellinghoff","Gerhardt","Broß","Osterloh","Mellinghoff","Landau DiFabio Hassemer Gerhardt Lübbe-Wolff","Osterloh","Gerhardt","Broß Mellinghoff Landau",0,1,"4","Landau DiFabio Hassemer Gerhardt Lübbe-Wolff",1,FALSE,1
"1079","2BvR1794/08",2008-09-03,2,1,"http://www.bundesverfassungsgericht.de/SharedDocs/Entscheidungen/DE/2008/09/rk20080903_2bvr179408.html;jsessionid=D2F8848DBD6184AE8322B469D72CCA0C.2_cid394",3,"Voßkuhle","Mellinghoff","Lübbe-Wolff","Mellinghoff","Lübbe-Wolff","Gerhardt","Voßkuhle Osterloh Landau DiFabio Broß","Gerhardt","Voßkuhle","Mellinghoff Lübbe-Wolff Voßkuhle",2,0,"1","Voßkuhle Osterloh Landau DiFabio Broß",2,FALSE,0
"5305","2BvR1274/09",2009-07-30,2,0,"http://www.bundesverfassungsgericht.de/SharedDocs/Entscheidungen/DE/2009/07/rk20090730_2bvr127409.html;jsessionid=2E85ED5ECA04F2841FBDEE34397F400B.2_cid394",3,"Voßkuhle","Mellinghoff","Gerhardt","Voßkuhle","Mellinghoff","Lübbe-Wolff","Gerhardt Osterloh Landau DiFabio Broß","Lübbe-Wolff","Gerhardt","Voßkuhle Mellinghoff Gerhardt",2,0,"1","Gerhardt Osterloh Landau Broß",2,FALSE,0
"2684","2BvQ45/09",2009-07-31,2,1,"http://www.bundesverfassungsgericht.de/SharedDocs/Entscheidungen/DE/2009/07/qk20090731_2bvq004509.html;jsessionid=2E85ED5ECA04F2841FBDEE34397F400B.2_cid394",3,"Voßkuhle","DiFabio","Mellinghoff","Voßkuhle","Mellinghoff","Lübbe-Wolff","Gerhardt Osterloh Landau DiFabio Broß","Lübbe-Wolff","DiFabio","Voßkuhle Mellinghoff Gerhardt",2,0,"4","Gerhardt Osterloh Landau DiFabio Broß",1,FALSE,1
"777","2BvR1898/09",2009-08-24,2,1,"http://www.bundesverfassungsgericht.de/SharedDocs/Entscheidungen/DE/2009/08/rk20090824_2bvr189809.html;jsessionid=51CD31F9F518680A6559B3561958CEE5.2_cid392",3,"Mellinghoff","Lübbe-Wolff","Gerhardt","Voßkuhle","Mellinghoff","Lübbe-Wolff","Gerhardt Osterloh Landau DiFabio Broß","Voßkuhle","Gerhardt","Mellinghoff Lübbe-Wolff Gerhardt",2,0,"1","Gerhardt Osterloh Landau DiFabio Broß",2,FALSE,0
"22","2BvQ57/09",2009-09-08,2,1,"http://www.bundesverfassungsgericht.de/SharedDocs/Entscheidungen/DE/2009/09/qk20090908_2bvq005709.html;jsessionid=6080B1BEFEB3C4924CD9C62B1356A143.2_cid394",3,"Voßkuhle","Osterloh","Gerhardt","Voßkuhle","Mellinghoff","Lübbe-Wolff","Gerhardt Osterloh Landau DiFabio Broß","Mellinghoff Lübbe-Wolff","Osterloh Gerhardt","Voßkuhle Gerhardt Osterloh",3,1,"1 2","Gerhardt Osterloh Landau DiFabio Broß",3,FALSE,0
"4002","2BvR1646/10",2010-08-05,2,0,"http://www.bundesverfassungsgericht.de/SharedDocs/Entscheidungen/DE/2010/08/rk20100805_2bvr164610.html;jsessionid=0D82C584CD8F87D30633FCD82E304810.2_cid383",3,"Voßkuhle","Mellinghoff","Gerhardt","Voßkuhle","Mellinghoff","Lübbe-Wolff","Gerhardt Osterloh Landau DiFabio Broß","Lübbe-Wolff","Gerhardt","Voßkuhle Mellinghoff Gerhardt",2,0,"1","Gerhardt Osterloh Landau DiFabio Broß",2,FALSE,0
"1286","2BvR1762/10",2010-08-16,2,0,"http://www.bundesverfassungsgericht.de/SharedDocs/Entscheidungen/DE/2010/08/rk20100816_2bvr176210.html;jsessionid=B69AD044311B5622E1A36C4E9D4444D4.2_cid392",3,"Voßkuhle","Mellinghoff","Gerhardt","Voßkuhle","Mellinghoff","Lübbe-Wolff","Gerhardt Osterloh Landau DiFabio Broß","Lübbe-Wolff","Gerhardt","Voßkuhle Mellinghoff Gerhardt",2,0,"1","Gerhardt Osterloh Landau DiFabio Broß",2,FALSE,0
"4709","2BvQ56/10",2010-08-23,2,1,"http://www.bundesverfassungsgericht.de/SharedDocs/Entscheidungen/DE/2010/08/qk20100823_2bvq005610.html;jsessionid=548B5F2EECDE91B2B75576D89CD5BE75.2_cid392",3,"Voßkuhle","Lübbe-Wolff","Gerhardt","Voßkuhle","Mellinghoff","Lübbe-Wolff","Gerhardt Osterloh Landau DiFabio Broß","Mellinghoff","Gerhardt","Voßkuhle Lübbe-Wolff Gerhardt",3,1,"1","Gerhardt Osterloh Landau DiFabio Broß",3,FALSE,0
"319","2BvR633/11",2011-04-21,2,1,"http://www.bundesverfassungsgericht.de/SharedDocs/Entscheidungen/DE/2011/04/rk20110421_2bvr063311.html;jsessionid=B90036CC1DF4004E54AECFF2307C4278.2_cid383",3,"Mellinghoff","Lübbe-Wolff","Landau","Mellinghoff","Lübbe-Wolff","Huber","Landau Gerhardt Voßkuhle Hermanns DiFabio","Huber","Landau","Mellinghoff Lübbe-Wolff Landau",1,0,"1","Landau Gerhardt Voßkuhle Hermanns DiFabio",1,FALSE,0
"3596","2BvR942/11",2011-05-17,2,1,"http://www.bundesverfassungsgericht.de/SharedDocs/Entscheidungen/DE/2011/05/rk20110517_2bvr094211.html;jsessionid=F3EA4AD874BACC1228B0D5C9EDCAEA62.2_cid394",3,"Mellinghoff","Landau","Huber","Mellinghoff","Lübbe-Wolff","Huber","Landau Gerhardt Voßkuhle Hermanns DiFabio","Lübbe-Wolff","Landau","Mellinghoff Huber Landau",0,1,"1","Landau Gerhardt Voßkuhle Hermanns DiFabio",0,FALSE,0
"736","2BvR1516/11",2011-09-15,2,0,"http://www.bundesverfassungsgericht.de/SharedDocs/Entscheidungen/DE/2011/09/rk20110915_2bvr151611.html;jsessionid=E40DA887567FFAD88D597D7B4CD4F7F2.2_cid361",3,"Lübbe-Wolff","Landau","Huber","Mellinghoff","Lübbe-Wolff","Huber","Landau Gerhardt Voßkuhle Hermanns DiFabio","Mellinghoff","Landau","Lübbe-Wolff Huber Landau",1,0,"1","Landau Gerhardt Voßkuhle Hermanns DiFabio",1,FALSE,0
"1247","2BvR858/11",2011-10-28,2,0,"http://www.bundesverfassungsgericht.de/SharedDocs/Entscheidungen/DE/2011/10/rk20111028_2bvr085811.html;jsessionid=6AC206F443DD69AF32CCDC3EC297BDFA.2_cid392",3,"Lübbe-Wolff","Landau","Huber","Mellinghoff","Lübbe-Wolff","Huber","Landau Gerhardt Voßkuhle Hermanns DiFabio","Mellinghoff","Landau","Lübbe-Wolff Huber Landau",1,0,"1","Landau Gerhardt Voßkuhle Hermanns",1,FALSE,0
"979","2BvR2330/13",2012-01-08,2,0,"http://www.bundesverfassungsgericht.de/SharedDocs/Entscheidungen/DE/2012/01/rk20120108_2bvr233013.html;jsessionid=33F08953B54061EF6AFA1FC9FB264A43.2_cid393",3,"Lübbe-Wolff","Landau","Kessal-Wulf","Lübbe-Wolff","Huber","Kessal-Wulf","Landau Gerhardt Voßkuhle Müller Hermanns","Huber","Landau","Lübbe-Wolff Kessal-Wulf Landau",1,0,"1","Landau Gerhardt Voßkuhle Müller Hermanns",1,FALSE,0
"2626","2BvR611/12",2012-05-31,2,0,"http://www.bundesverfassungsgericht.de/SharedDocs/Entscheidungen/DE/2012/05/rk20120531_2bvr061112.html;jsessionid=50C86B39A8D3163F9C739E43887D948C.2_cid392",3,"Lübbe-Wolff","Gerhardt","Huber","Lübbe-Wolff","Huber","Kessal-Wulf","Landau Gerhardt Voßkuhle Müller Hermanns","Kessal-Wulf","Gerhardt","Lübbe-Wolff Huber Landau",1,0,"2","Landau Gerhardt Voßkuhle Müller Hermanns",2,FALSE,1
"5031","2BvR878/14",2014-06-04,2,1,"http://www.bundesverfassungsgericht.de/SharedDocs/Entscheidungen/DE/2014/06/rk20140604_2bvr087814.html;jsessionid=8DD72B7712E6258BDA77F39F0CD2090D.2_cid392",3,"Huber","Kessal-Wulf","König","Landau","Kessal-Wulf","König","Huber Gerhardt Voßkuhle Müller Hermanns","Landau","Huber","Kessal-Wulf König Huber",1,0,"1","Huber Gerhardt Voßkuhle Müller Hermanns",1,FALSE,0
"3553","2BvR2343/14",2014-10-14,2,1,"http://www.bundesverfassungsgericht.de/SharedDocs/Entscheidungen/DE/2014/10/rk20141014_2bvr234314.html;jsessionid=903CC26005153EF3909C3CE2F25269A9.2_cid393",3,"Landau","Müller","Maidowski","Huber","Müller","Maidowski","Hermanns Landau Voßkuhle König Kessal-Wulf","Huber","Landau","Müller Maidowski Hermanns",1,0,"2","Hermanns Landau Voßkuhle König Kessal-Wulf",0,FALSE,1
"2413","2BvR2735/14",2014-11-27,2,1,"http://www.bundesverfassungsgericht.de/SharedDocs/Entscheidungen/DE/2014/11/rk20141127_2bvr273514.html;jsessionid=579EE113842F18880B58A02A38BEB5C2.2_cid392",3,"Huber","Hermanns","Müller","Huber","Müller","Maidowski","Hermanns Landau Voßkuhle König Kessal-Wulf","Maidowski","Hermanns","Huber Müller Hermanns",1,0,"1","Hermanns Landau Voßkuhle König Kessal-Wulf",1,FALSE,0
"346","2BvR2343/14",2015-09-02,2,1,"http://www.bundesverfassungsgericht.de/SharedDocs/Entscheidungen/DE/2015/09/rk20150902_2bvr234314.html;jsessionid=C1CD69F37E3EEE34754F31E630B4E352.2_cid393",3,"Müller","Kessal-Wulf","Maidowski","Huber","Müller","Maidowski","Hermanns Landau Voßkuhle König Kessal-Wulf","Huber","Kessal-Wulf","Müller Maidowski Hermanns",1,0,"5","Hermanns Landau Voßkuhle König Kessal-Wulf",0,FALSE,1
"40","2BvQ43/15",2015-11-27,2,1,"http://www.bundesverfassungsgericht.de/SharedDocs/Entscheidungen/DE/2015/11/qk20151127a_2bvq004315.html;jsessionid=C95CB424CE4C0BAD18B943448E3D3FDD.2_cid393",3,"Landau","Müller","Kessal-Wulf","Huber","Müller","Maidowski","Hermanns Landau Voßkuhle König Kessal-Wulf","Huber Maidowski","Landau Kessal-Wulf","Müller Hermanns Landau",1,0,"2 5","Hermanns Landau Voßkuhle König Kessal-Wulf",0,FALSE,1
"1814","2BvR2318/972BvR2415/99",2000-12-21,2,0,"http://www.bundesverfassungsgericht.de/SharedDocs/Entscheidungen/DE/2000/12/rk20001221_2bvr231897.html;jsessionid=8BCC8DB433E98CEF9BA3A7B9C11904D7.2_cid361",4,"Limbach","Broß","DiFabio","Limbach","Jentsch","DiFabio","Osterloh Broß Sommer Winter Hassemer","Jentsch","Broß","Limbach DiFabio Osterloh",2,0,"2","Osterloh Broß Sommer Hassemer",1,FALSE,1
