"","az","date","senat","kammer","r1","r2","r3","r1_f","r2_f","r3_f","gv","ersetzt","ersatz","konform","c_nach_gversatz","crit","whichgv","gv_mod","real_c","drop","gv_viol"
"2650"," 1 BvR 1114/86  ",1998-02-26,1,1,"Grimm","Grimm","Hömig","Seidl","Grimm","Hömig","Haas Seibert Steiner Jaeger Kühling","Seidl",NA,"Grimm Hömig Haas",1,0,NA,"Haas Seibert Steiner Jaeger Kühling",2,FALSE,NA
"4628"," 1 BvR 851/87  ",1998-07-08,1,1,"Papier","Grimm","Haas","Papier","Grimm","Hömig","Haas Seibert Steiner Jaeger Kühling","Hömig","Haas","Papier Grimm Haas",1,0,"1","Haas Steiner Jaeger Kühling",1,FALSE,0
"574"," 1 BvR 1435/98  ",1998-08-25,1,1,"Papier","Grimm","Steiner","Papier","Grimm","Hömig","Haas Seibert Steiner Jaeger Kühling","Hömig","Steiner","Papier Grimm Haas",1,0,"2","Haas Steiner Jaeger Kühling",1,FALSE,1
"5036"," 1 BvR 167/99  ",1999-02-24,1,1,"Limbach","Hassemer","Mellinghoff","Papier","Grimm","Hömig","Hohmann-Dennhardt Haas Steiner Jaeger Kühling","Papier Grimm Hömig","Limbach Hassemer Mellinghoff","Steiner Jaeger Kühling",2,0,NA,"Steiner Jaeger Kühling",2,FALSE,NA
"889"," 1 BvR 1498/92  ",1999-04-08,1,1,"Papier","Hohmann-Dennhardt","Hoffmann-Riem","Papier","Grimm","Hömig","Hohmann-Dennhardt Haas Steiner Jaeger Kühling","Grimm Hömig","Hohmann-Dennhardt Hoffmann-Riem","Papier Hohmann-Dennhardt Haas",1,0,"1","Hohmann-Dennhardt Haas Steiner Jaeger Kühling",2,FALSE,0
"1442"," 1 BvR 828/99  ",1999-06-14,1,1,"Gaier","Schluckebier","Paulus","Papier","Grimm","Hömig","Hohmann-Dennhardt Haas Steiner Jaeger Kühling","Papier Grimm Hömig","Gaier Schluckebier Paulus","Hohmann-Dennhardt Haas Steiner",1,0,NA,"Hohmann-Dennhardt Haas Steiner Jaeger Kühling",1,FALSE,NA
"5320"," 1 BvR 346/99  ",1999-07-07,1,1,"Kirchhof","Paulus","Baer","Papier","Grimm","Hömig","Hohmann-Dennhardt Haas Steiner Jaeger Kühling",NA,"Kirchhof Baer","Paulus Hohmann-Dennhardt",1,0,NA,"Hohmann-Dennhardt Haas Steiner Jaeger Kühling",1,FALSE,NA
"2280"," 1 BvR 1892/96         1 BvR 1092/97         1 BvR 1286/97         1 BvR 1334/97  ",1999-08-03,1,1,"Jaeger","Hömig","Bryde","Papier","Grimm","Hömig","Hohmann-Dennhardt Haas Steiner Jaeger Kühling","Papier Grimm","Jaeger Bryde","Hömig Hohmann-Dennhardt Haas",1,0,"4","Hohmann-Dennhardt Haas Steiner Jaeger Kühling",2,FALSE,1
"1002"," 1 BvR 1624/98  ",1999-08-04,1,1,"Papier","Hoffmann-Riem","Eichberger","Papier","Grimm","Hömig","Hohmann-Dennhardt Haas Steiner Jaeger Kühling","Grimm Hömig","Hoffmann-Riem Eichberger","Papier Hohmann-Dennhardt Haas",1,0,NA,"Hohmann-Dennhardt Haas Steiner Jaeger Kühling",1,FALSE,NA
"4014"," 1 BvR 1022/99  ",1999-08-04,1,1,"Gaier","Paulus","Britz","Papier","Grimm","Hömig","Hohmann-Dennhardt Haas Steiner Jaeger Kühling","Papier","Gaier Paulus Britz","Hohmann-Dennhardt",1,0,NA,"Hohmann-Dennhardt Haas Steiner Jaeger Kühling",2,FALSE,NA
"320"," 1 BvR 75/90  ",1999-08-09,1,1,"Kirchhof","Schluckebier","Baer","Papier","Grimm","Hömig","Hohmann-Dennhardt Haas Steiner Jaeger Kühling","Papier Grimm Hömig","Kirchhof Schluckebier Baer","Hohmann-Dennhardt Haas Steiner",1,0,NA,"Hohmann-Dennhardt Haas Steiner Jaeger Kühling",1,FALSE,NA
"291"," 1 BvR 636/95  ",1999-09-20,1,1,"Voßkuhle","Mellinghoff","Lübbe-Wolff","Papier","Grimm","Hömig","Hohmann-Dennhardt Haas Steiner Jaeger Kühling","Papier Grimm Hömig","Voßkuhle Mellinghoff Lübbe-Wolff","Hohmann-Dennhardt Steiner Jaeger",2,0,NA,"Hohmann-Dennhardt Steiner Jaeger Kühling",2,FALSE,NA
"4591"," 1 BvQ 5/00  ",2000-03-12,1,1,"Papier","Steiner","Hohmann-Dennhardt","Papier","Steiner","Hoffmann-Riem","Hohmann-Dennhardt Haas Hömig Jaeger Kühling","Hoffmann-Riem","Hohmann-Dennhardt","Papier Steiner Hohmann-Dennhardt",1,0,"1","Hohmann-Dennhardt Haas Hömig Jaeger Kühling",1,FALSE,0
"1650"," 1 BvQ 11/00  ",2000-04-30,1,1,"Papier","Kühling","Steiner","Papier","Steiner","Hoffmann-Riem","Hohmann-Dennhardt Haas Hömig Jaeger Kühling","Hoffmann-Riem","Kühling","Papier Steiner Hohmann-Dennhardt",1,0,"5","Hohmann-Dennhardt Haas Hömig Jaeger Kühling",1,FALSE,1
"352"," 1 BvQ 14/00  ",2000-05-20,1,1,"Kühling","Hömig","Hoffmann-Riem","Papier","Steiner","Hoffmann-Riem","Hohmann-Dennhardt Haas Hömig Jaeger Kühling","Papier Steiner","Kühling Hömig","Hoffmann-Riem Hohmann-Dennhardt Haas",2,0,"3 4","Hohmann-Dennhardt Haas Hömig Kühling",2,FALSE,1
"3105"," 1 BvQ 22/00  ",2000-08-11,1,1,"Papier","Hömig","Hohmann-Dennhardt","Papier","Steiner","Hoffmann-Riem","Hohmann-Dennhardt Haas Hömig Jaeger Kühling","Steiner Hoffmann-Riem","Hömig Hohmann-Dennhardt","Papier Hohmann-Dennhardt Haas",1,0,"1 3","Hohmann-Dennhardt Haas Hömig Jaeger Kühling",1,FALSE,1
"2378"," 1 BvR 1498/00  ",2000-09-25,1,1,"Steiner","Hohmann-Dennhardt","Hoffmann-Riem","Papier","Steiner","Hoffmann-Riem","Hohmann-Dennhardt Haas Hömig Jaeger Kühling","Papier","Hohmann-Dennhardt","Steiner Hoffmann-Riem Hohmann-Dennhardt",2,0,"1","Hohmann-Dennhardt Haas Hömig Jaeger Kühling",2,FALSE,0
"3363"," 1 BvR 2216/96         1 BvR 501/98         1 BvR 534/98         1 BvR 550/98  ",2001-01-18,1,1,"Steiner","Hohmann-Dennhardt","Hoffmann-Riem","Papier","Steiner","Hoffmann-Riem","Hohmann-Dennhardt Haas Hömig Jaeger Kühling","Papier","Hohmann-Dennhardt","Steiner Hoffmann-Riem Hohmann-Dennhardt",2,0,"1","Hohmann-Dennhardt Haas Hömig Jaeger Kühling",2,FALSE,0
"784"," 1 BvQ 20/01  ",2001-04-12,1,1,"Papier","Hohmann-Dennhardt","Hoffmann-Riem","Papier","Steiner","Hoffmann-Riem","Hohmann-Dennhardt Haas Bryde Hömig Jaeger","Steiner","Hohmann-Dennhardt","Papier Hoffmann-Riem Hohmann-Dennhardt",2,0,"1","Hohmann-Dennhardt Haas Bryde Hömig Jaeger",2,FALSE,0
"775"," 1 BvR 481/01         1 BvR 518/01  ",2001-05-10,1,1,"Papier","Steiner","Hohmann-Dennhardt","Papier","Steiner","Hoffmann-Riem","Hohmann-Dennhardt Haas Bryde Hömig Jaeger","Hoffmann-Riem","Hohmann-Dennhardt","Papier Steiner Hohmann-Dennhardt",1,0,"1","Hohmann-Dennhardt Haas Bryde Hömig Jaeger",1,FALSE,0
"510"," 1 BvR 1002/01  ",2001-06-18,1,1,"Papier","Hömig","Hohmann-Dennhardt","Papier","Steiner","Hoffmann-Riem","Hohmann-Dennhardt Haas Bryde Hömig Jaeger","Steiner","Hömig","Papier Hohmann-Dennhardt Haas",1,0,"3","Haas Bryde Hömig Jaeger",1,FALSE,1
"3371"," 1 BvQ 34/01  ",2001-08-10,1,1,"Papier","Hohmann-Dennhardt","Hoffmann-Riem","Papier","Steiner","Hoffmann-Riem","Hohmann-Dennhardt Haas Bryde Hömig Jaeger","Steiner","Hohmann-Dennhardt","Papier Hoffmann-Riem Hohmann-Dennhardt",2,0,"1","Hohmann-Dennhardt Haas Bryde Hömig Jaeger",2,FALSE,0
"3250"," 1 BvQ 35/01  ",2001-08-24,1,1,"Steiner","Hohmann-Dennhardt","Hoffmann-Riem","Papier","Steiner","Hoffmann-Riem","Hohmann-Dennhardt Haas Bryde Hömig Jaeger","Papier","Hohmann-Dennhardt","Steiner Hoffmann-Riem Hohmann-Dennhardt",2,0,"1","Hohmann-Dennhardt Haas Bryde Hömig Jaeger",2,FALSE,0
"5651"," 1 BvR 481/01         1 BvR 518/01  ",2001-09-05,1,1,"Papier","Steiner","Hohmann-Dennhardt","Papier","Steiner","Hoffmann-Riem","Hohmann-Dennhardt Haas Bryde Hömig Jaeger","Hoffmann-Riem","Hohmann-Dennhardt","Papier Steiner Hohmann-Dennhardt",1,0,"1","Hohmann-Dennhardt Haas Bryde Hömig Jaeger",1,FALSE,0
"3365"," 1 BvQ 39/01  ",2001-10-19,1,1,"Papier","Hohmann-Dennhardt","Hoffmann-Riem","Papier","Steiner","Hoffmann-Riem","Hohmann-Dennhardt Haas Bryde Hömig Jaeger","Steiner","Hohmann-Dennhardt","Papier Hoffmann-Riem Hohmann-Dennhardt",2,0,"1","Hohmann-Dennhardt Haas Bryde Hömig Jaeger",2,FALSE,0
"5531"," 1 BvQ 1/02  ",2002-01-04,1,1,"Papier","Hohmann-Dennhardt","Hoffmann-Riem","Papier","Steiner","Hoffmann-Riem","Hohmann-Dennhardt Haas Bryde Hömig Jaeger","Steiner","Hohmann-Dennhardt","Papier Hoffmann-Riem Hohmann-Dennhardt",2,0,"1","Hohmann-Dennhardt Haas Bryde Hömig Jaeger",2,FALSE,0
"1715"," 1 BvR 300/02  ",2002-02-22,1,1,"Steiner","Hohmann-Dennhardt","Hoffmann-Riem","Papier","Steiner","Hoffmann-Riem","Hohmann-Dennhardt Haas Bryde Hömig Jaeger","Papier","Hohmann-Dennhardt","Steiner Hoffmann-Riem Hohmann-Dennhardt",2,0,"1","Hohmann-Dennhardt Haas Bryde Hömig Jaeger",2,FALSE,0
"4860"," 1 BvQ 5/02  ",2002-03-01,1,1,"Papier","Hohmann-Dennhardt","Hoffmann-Riem","Papier","Steiner","Hoffmann-Riem","Hohmann-Dennhardt Haas Bryde Hömig Jaeger","Steiner","Hohmann-Dennhardt","Papier Hoffmann-Riem Hohmann-Dennhardt",2,0,"1","Hohmann-Dennhardt Haas Bryde Hömig Jaeger",2,FALSE,0
"3486"," 1 BvQ 9/02  ",2002-03-29,1,1,"Steiner","Hohmann-Dennhardt","Hoffmann-Riem","Papier","Steiner","Hoffmann-Riem","Hohmann-Dennhardt Haas Bryde Hömig Jaeger","Papier","Hohmann-Dennhardt","Steiner Hoffmann-Riem Hohmann-Dennhardt",2,0,"1","Hohmann-Dennhardt Haas Bryde Hömig Jaeger",2,FALSE,0
"4769"," 1 BvR 680/02  ",2002-04-15,1,1,"Steiner","Hohmann-Dennhardt","Hoffmann-Riem","Papier","Steiner","Hoffmann-Riem","Hohmann-Dennhardt Haas Bryde Hömig Jaeger","Papier","Hohmann-Dennhardt","Steiner Hoffmann-Riem Hohmann-Dennhardt",2,0,"1","Hohmann-Dennhardt Haas Bryde Hömig Jaeger",2,FALSE,0
"1040"," 1 BvQ 2/03  ",2003-01-28,1,1,"Papier","Hohmann-Dennhardt","Hoffmann-Riem","Papier","Haas","Hoffmann-Riem","Hohmann-Dennhardt Steiner Bryde Hömig Jaeger","Haas","Hohmann-Dennhardt","Papier Hoffmann-Riem Hohmann-Dennhardt",2,0,"1","Hohmann-Dennhardt Steiner Bryde Hömig Jaeger",2,FALSE,0
"2503","    1 BvQ 30/03  ",2003-08-14,1,1,"Jaeger","Hömig","Hoffmann-Riem","Papier","Haas","Hoffmann-Riem","Hohmann-Dennhardt Steiner Bryde Hömig Jaeger","Papier Haas","Jaeger Hömig","Hoffmann-Riem Hohmann-Dennhardt Steiner",2,0,"4 5","Hohmann-Dennhardt Steiner Bryde Hömig Jaeger",2,FALSE,1
"4826","    1 BvQ 30/03  ",2003-08-14,1,1,"Papier","Hohmann-Dennhardt","Hoffmann-Riem","Papier","Haas","Hoffmann-Riem","Hohmann-Dennhardt Steiner Bryde Hömig Jaeger","Haas","Hohmann-Dennhardt","Papier Hoffmann-Riem Hohmann-Dennhardt",2,0,"1","Hohmann-Dennhardt Steiner Bryde Hömig Jaeger",2,FALSE,0
"1292"," 1 BvQ 32/03  ",2003-09-05,1,1,"Papier","Steiner","Hoffmann-Riem","Papier","Haas","Hoffmann-Riem","Hohmann-Dennhardt Steiner Bryde Hömig Jaeger","Haas","Steiner","Papier Hoffmann-Riem Hohmann-Dennhardt",2,0,"2","Hohmann-Dennhardt Steiner Bryde Hömig Jaeger",1,FALSE,1
"5101"," 1 BvQ 36/04  ",2004-08-31,1,1,"Papier","Steiner","Hoffmann-Riem","Papier","Haas","Hoffmann-Riem","Hohmann-Dennhardt Steiner Bryde Hömig Jaeger","Haas","Steiner","Papier Hoffmann-Riem Hohmann-Dennhardt",2,0,"2","Hohmann-Dennhardt Steiner Bryde Jaeger",1,FALSE,1
"1142"," 1 BvR 294/05  ",2005-02-22,1,1,"Papier","Hohmann-Dennhardt","Gaier","Papier","Hohmann-Dennhardt","Hoffmann-Riem","Gaier Steiner Bryde Hömig Haas","Hoffmann-Riem","Gaier","Papier Hohmann-Dennhardt Gaier",2,0,"1","Gaier Steiner Hömig",2,FALSE,0
"4009"," 1 BvR 808/05  ",2005-04-16,1,1,"Hohmann-Dennhardt","Hoffmann-Riem","Gaier","Papier","Hohmann-Dennhardt","Hoffmann-Riem","Gaier Steiner Bryde Hömig Haas","Papier","Gaier","Hohmann-Dennhardt Hoffmann-Riem Gaier",3,1,"1","Gaier Steiner Bryde Hömig Haas",3,FALSE,0
"5701"," 1 BvR 961/05  ",2005-05-06,1,1,"Papier","Steiner","Hoffmann-Riem","Papier","Hohmann-Dennhardt","Hoffmann-Riem","Gaier Steiner Bryde Hömig Haas","Hohmann-Dennhardt","Steiner","Papier Hoffmann-Riem Gaier",2,0,"2","Gaier Steiner Bryde Hömig Haas",1,FALSE,1
"1188"," 1 BvQ 25/05  ",2005-08-16,1,1,"Papier","Hoffmann-Riem","Gaier","Papier","Hohmann-Dennhardt","Hoffmann-Riem","Gaier Steiner Bryde Hömig Haas","Hohmann-Dennhardt","Gaier","Papier Hoffmann-Riem Gaier",2,0,"1","Gaier Steiner Bryde Hömig Haas",2,FALSE,0
"5162"," 1 BvQ 3/06  ",2006-01-26,1,1,"Papier","Hoffmann-Riem","Gaier","Papier","Hohmann-Dennhardt","Hoffmann-Riem","Gaier Steiner Bryde Hömig Haas","Hohmann-Dennhardt","Gaier","Papier Hoffmann-Riem Gaier",2,0,"1","Gaier Steiner Bryde Hömig Haas",2,FALSE,0
"4810"," 1 BvQ 4/06 ",2006-01-27,1,1,"Steiner","Hoffmann-Riem","Gaier","Papier","Hohmann-Dennhardt","Hoffmann-Riem","Gaier Steiner Bryde Hömig Haas","Papier","Steiner","Hoffmann-Riem Gaier Steiner",2,0,"1","Steiner Bryde Hömig Haas",2,FALSE,0
"4761"," 1 BvR 1096/05  ",2006-06-01,1,1,"Jaeger","Hömig","Bryde","Papier","Hohmann-Dennhardt","Hoffmann-Riem","Gaier Steiner Eichberger Bryde Haas","Papier Hohmann-Dennhardt Hoffmann-Riem","Jaeger Hömig Bryde","Gaier Steiner Eichberger",1,0,"4","Gaier Steiner Eichberger Bryde Haas",2,FALSE,1
"932"," 1 BvR 1429/06  ",2006-06-09,1,1,"Papier","Hoffmann-Riem","Gaier","Papier","Hohmann-Dennhardt","Hoffmann-Riem","Gaier Steiner Eichberger Bryde Haas","Hohmann-Dennhardt","Gaier","Papier Hoffmann-Riem Gaier",2,0,"1","Gaier Steiner Eichberger Bryde Haas",2,FALSE,0
"4839"," 1 BvR 2228/02  ",2007-03-26,1,1,"Hohmann-Dennhardt","Hoffmann-Riem","Gaier","Papier","Hohmann-Dennhardt","Hoffmann-Riem","Gaier Steiner Schluckebier Eichberger Bryde","Papier","Gaier","Hohmann-Dennhardt Hoffmann-Riem Gaier",3,1,"1","Gaier Steiner Schluckebier Eichberger Bryde",3,FALSE,0
"4280"," 1 BvQ 16/07  ",2007-05-27,1,1,"Papier","Hoffmann-Riem","Gaier","Papier","Hohmann-Dennhardt","Hoffmann-Riem","Gaier Steiner Schluckebier Eichberger Bryde","Hohmann-Dennhardt","Gaier","Papier Hoffmann-Riem Gaier",2,0,"1","Gaier Steiner Schluckebier Bryde",2,FALSE,0
"1294"," 1 BvR 1225/07         1 BvR 1226/07  ",2007-08-29,1,1,"Papier","Hoffmann-Riem","Gaier","Papier","Hohmann-Dennhardt","Hoffmann-Riem","Gaier Steiner Schluckebier Eichberger Bryde","Hohmann-Dennhardt","Gaier","Papier Hoffmann-Riem Gaier",2,0,"1","Gaier Steiner Schluckebier Eichberger Bryde",2,FALSE,0
"4089"," 1 BvR 3041/07  ",2007-12-01,1,1,"Papier","Hoffmann-Riem","Kirchhof","Papier","Hohmann-Dennhardt","Hoffmann-Riem","Kirchhof Gaier Schluckebier Eichberger Bryde","Hohmann-Dennhardt","Kirchhof","Papier Hoffmann-Riem Kirchhof",1,0,"1","Kirchhof Gaier Schluckebier Eichberger Bryde",1,FALSE,0
"2520"," 1 BvR 3255/07  ",2008-02-25,1,1,"Huber","Müller","Maidowski","Papier","Hoffmann-Riem","Eichberger","Schluckebier Bryde Kirchhof Gaier Hohmann-Dennhardt","Papier Hoffmann-Riem Eichberger","Huber Müller Maidowski","Schluckebier Bryde Kirchhof",1,0,NA,"Schluckebier Bryde Kirchhof Gaier Hohmann-Dennhardt",0,FALSE,NA
"2085"," 1 BvR 572/08  ",2008-03-13,1,1,"Hoffmann-Riem","Eichberger","Schluckebier","Papier","Hoffmann-Riem","Eichberger","Schluckebier Bryde Kirchhof Gaier Hohmann-Dennhardt","Papier","Schluckebier","Hoffmann-Riem Eichberger Schluckebier",1,0,"1","Schluckebier Bryde Kirchhof Gaier Hohmann-Dennhardt",1,FALSE,0
"5339"," 1 BvR 1753/03  ",2008-03-25,1,1,"Hoffmann-Riem","Eichberger","Schluckebier","Papier","Hoffmann-Riem","Eichberger","Schluckebier Bryde Kirchhof Gaier Hohmann-Dennhardt","Papier","Schluckebier","Hoffmann-Riem Eichberger Schluckebier",1,0,"1","Schluckebier Bryde Kirchhof Gaier Hohmann-Dennhardt",1,FALSE,0
"690"," 1 BvQ 26/09  ",2009-06-17,1,1,"Eichberger","Schluckebier","Masing","Papier","Eichberger","Masing","Schluckebier Bryde Kirchhof Gaier Hohmann-Dennhardt","Papier","Schluckebier","Eichberger Masing Schluckebier",1,0,"1","Schluckebier Bryde Kirchhof Gaier Hohmann-Dennhardt",1,FALSE,0
"3651"," 1 BvQ 39/09         1 BvQ 40/09         1 BvQ 41/09         1 BvQ 42/09  ",2009-09-11,1,1,"Eichberger","Schluckebier","Masing","Papier","Eichberger","Masing","Schluckebier Bryde Kirchhof Gaier Hohmann-Dennhardt","Papier","Schluckebier","Eichberger Masing Schluckebier",1,0,"1","Schluckebier Bryde Kirchhof Gaier Hohmann-Dennhardt",1,FALSE,0
"1901"," 1 BvR 2298/10  ",2010-09-04,1,1,"Kirchhof","Schluckebier","Masing","Kirchhof","Eichberger","Masing","Schluckebier Bryde Paulus Gaier Hohmann-Dennhardt","Eichberger","Schluckebier","Kirchhof Masing Schluckebier",1,0,"1","Schluckebier Bryde Paulus Gaier Hohmann-Dennhardt",1,FALSE,0
"2842"," 1 BvR 2297/10  ",2010-09-06,1,1,"Eichberger","Schluckebier","Masing","Kirchhof","Eichberger","Masing","Schluckebier Bryde Paulus Gaier Hohmann-Dennhardt","Kirchhof","Schluckebier","Eichberger Masing Schluckebier",1,0,"1","Schluckebier Bryde Paulus Gaier Hohmann-Dennhardt",1,FALSE,0
"987"," 1 BvR 711/12  ",2012-03-30,1,1,"Eichberger","Schluckebier","Masing","Kirchhof","Eichberger","Masing","Baer Schluckebier Britz Paulus Gaier","Kirchhof","Schluckebier","Eichberger Masing Baer",2,0,"2","Baer Schluckebier Britz Paulus Gaier",1,FALSE,1
"4516"," 1 BvQ 12/12  ",2012-04-06,1,1,"Schluckebier","Masing","Paulus","Kirchhof","Eichberger","Masing","Baer Schluckebier Britz Paulus Gaier","Eichberger","Paulus","Schluckebier Masing Baer",2,0,"3","Baer Britz Paulus Gaier",1,FALSE,1
"2685"," 1 BvR 523/11  ",2012-04-16,1,1,"Eichberger","Masing","Baer","Kirchhof","Eichberger","Masing","Baer Schluckebier Britz Paulus Gaier","Kirchhof","Baer","Eichberger Masing Baer",2,0,"1","Baer Schluckebier Britz Paulus Gaier",2,FALSE,0
"4137"," 1 BvR 1840/12  ",2012-08-31,1,1,"Kirchhof","Schluckebier","Masing","Kirchhof","Eichberger","Masing","Baer Schluckebier Britz Paulus Gaier","Eichberger","Schluckebier","Kirchhof Masing Baer",2,0,"2","Baer Schluckebier Britz Gaier",1,FALSE,1
"3307","  1 BvR 2271/14  ",2014-08-18,1,1,"Kirchhof","Eichberger","Baer","Kirchhof","Eichberger","Britz","Baer Masing Paulus Schluckebier Gaier","Britz","Baer","Kirchhof Eichberger Baer",1,0,"1","Baer Masing Paulus Schluckebier Gaier",1,FALSE,0
"3700"," 1 BvR 781/98  ",1999-02-25,1,2,"Papier","Steiner","Hoffmann-Riem","Kühling","Jaeger","Steiner","Hömig Grimm Papier Hohmann-Dennhardt Haas","Kühling Jaeger","Papier Hoffmann-Riem","Steiner Hömig Grimm",1,0,"3","Hömig Grimm Papier",1,FALSE,1
"1494"," 1 BvR 1500/97  ",1999-06-17,1,2,"Steiner","Gaier","Schluckebier","Kühling","Jaeger","Steiner","Hömig Grimm Papier Hohmann-Dennhardt Haas","Kühling Jaeger","Gaier Schluckebier","Steiner Hohmann-Dennhardt Haas",1,0,NA,"Hohmann-Dennhardt Haas",1,FALSE,NA
"2290"," 1 BvR 2507/97  ",1999-06-17,1,2,"Broß","Lübbe-Wolff","Gerhardt","Kühling","Jaeger","Steiner","Hömig Grimm Papier Hohmann-Dennhardt Haas","Steiner","Broß Lübbe-Wolff Gerhardt","Hohmann-Dennhardt",1,0,NA,"Hohmann-Dennhardt Haas",2,FALSE,NA
"1686"," 1 BvR 698/99  ",1999-07-01,1,2,"Huber","Müller","Maidowski","Kühling","Jaeger","Steiner","Hömig Grimm Papier Hohmann-Dennhardt Haas","Kühling Jaeger Steiner","Huber Müller Maidowski","Papier Hohmann-Dennhardt Haas",1,0,NA,"Papier Hohmann-Dennhardt Haas",0,FALSE,NA
"3071"," 1 BvR 875/99  ",1999-07-19,1,2,"Kirchhof","Bryde","Schluckebier","Kühling","Jaeger","Steiner","Hömig Grimm Papier Hohmann-Dennhardt Haas","Kühling Jaeger Steiner","Kirchhof Bryde Schluckebier",NA,1,0,NA,"Hohmann-Dennhardt Haas",1,FALSE,NA
"1683"," 1 BvR 1668/98  ",1999-07-20,1,2,"Gaier","Masing","Baer","Kühling","Jaeger","Steiner","Hömig Grimm Papier Hohmann-Dennhardt Haas","Kühling Jaeger Steiner","Gaier Masing Baer","Hömig Grimm Papier",1,0,NA,"Hömig Grimm Papier Hohmann-Dennhardt Haas",3,FALSE,NA
"4289"," 1 BvR 1584/98  ",1999-07-21,1,2,"Limbach","Winter","Hassemer","Kühling","Jaeger","Steiner","Hömig Grimm Papier Hohmann-Dennhardt Haas","Kühling Jaeger Steiner","Limbach Winter Hassemer","Hömig Grimm Papier",1,0,NA,"Hömig Grimm Papier Hohmann-Dennhardt Haas",2,FALSE,NA
"802"," 1 BvR 282/99  ",1999-07-28,1,2,"Voßkuhle","Gerhardt","Huber","Kühling","Jaeger","Steiner","Hömig Grimm Papier Hohmann-Dennhardt Haas","Kühling Jaeger Steiner","Voßkuhle Gerhardt Huber","Hömig Grimm Papier",1,0,NA,"Hömig Grimm Papier Hohmann-Dennhardt Haas",2,FALSE,NA
"2112"," 1 BvR 124/99  ",1999-07-28,1,2,"Papier","Steiner","Gaier","Kühling","Jaeger","Steiner","Hömig Grimm Papier Hohmann-Dennhardt Haas",NA,"Papier Gaier","Steiner Hömig",0,1,"3","Hömig Grimm Papier Hohmann-Dennhardt Haas",1,FALSE,1
"2397"," 1 BvR 542/99  ",1999-07-28,1,2,"Hassemer","Osterloh","Mellinghoff","Kühling","Jaeger","Steiner","Hömig Grimm Papier Hohmann-Dennhardt Haas","Steiner","Hassemer Osterloh Mellinghoff","Hömig",0,1,NA,"Hömig Grimm Papier Hohmann-Dennhardt Haas",2,FALSE,NA
"3976"," 1 BvR 1398/98  ",1999-07-28,1,2,"Jaeger","Hömig","Bryde","Kühling","Jaeger","Steiner","Hömig Grimm Papier Hohmann-Dennhardt Haas","Kühling Steiner","Hömig Bryde","Jaeger Hömig Grimm",2,0,"1","Hömig Grimm Papier Hohmann-Dennhardt Haas",2,FALSE,0
"2348"," 1 BvR 2102/98  ",1999-08-18,1,2,"Osterloh","Gerhardt","Landau","Kühling","Jaeger","Steiner","Hömig Grimm Papier Hohmann-Dennhardt Haas","Kühling Jaeger Steiner","Osterloh Gerhardt Landau","Hömig Grimm Papier",1,0,NA,"Hömig Grimm Papier Hohmann-Dennhardt Haas",2,FALSE,NA
"2408"," 1 BvR 1389/97  ",1999-08-31,1,2,"Kühling","Jaeger","Hömig","Kühling","Jaeger","Steiner","Hömig Grimm Papier Hohmann-Dennhardt Haas","Steiner","Hömig","Kühling Jaeger Hömig",2,0,"1","Hömig Grimm Papier Hohmann-Dennhardt",2,FALSE,0
"4444"," 1 BvR 420/97  ",2000-01-10,1,2,"Kühling","Jaeger","Steiner","Kühling","Jaeger","Hömig","Hoffmann-Riem Steiner Papier Hohmann-Dennhardt Haas","Hömig","Steiner","Kühling Jaeger Hoffmann-Riem",3,1,"2","Hoffmann-Riem Steiner Papier Hohmann-Dennhardt Haas",2,FALSE,1
"3204"," 1 BvQ 8/00  ",2000-05-15,1,2,"Kühling","Hömig","Steiner","Kühling","Jaeger","Hömig","Hoffmann-Riem Steiner Papier Hohmann-Dennhardt Haas","Jaeger","Steiner","Kühling Hömig Hoffmann-Riem",2,0,"2","Hoffmann-Riem Steiner Papier Hohmann-Dennhardt Haas",1,FALSE,1
"2200"," 1 BvR 848/01  ",2001-05-25,1,2,"Jaeger","Hömig","Hoffmann-Riem","Jaeger","Hömig","Bryde","Hoffmann-Riem Steiner Papier Hohmann-Dennhardt Haas","Bryde","Hoffmann-Riem","Jaeger Hömig Hoffmann-Riem",2,0,"1","Hoffmann-Riem Steiner Papier Hohmann-Dennhardt Haas",2,FALSE,0
"3708"," 1 BvQ 32/01  ",2001-07-31,1,2,"Haas","Hömig","Hohmann-Dennhardt","Jaeger","Hömig","Bryde","Hoffmann-Riem Steiner Papier Hohmann-Dennhardt Haas","Jaeger Bryde","Haas Hohmann-Dennhardt","Hömig Hoffmann-Riem Steiner",1,0,"4 5","Hoffmann-Riem Steiner Papier Hohmann-Dennhardt Haas",1,FALSE,1
"2555"," 1 BvQ 25/02  ",2002-07-28,1,2,"Jaeger","Hömig","Steiner","Jaeger","Hömig","Bryde","Hoffmann-Riem Steiner Papier Hohmann-Dennhardt Haas","Bryde","Steiner","Jaeger Hömig Hoffmann-Riem",2,0,"2","Hoffmann-Riem Steiner Papier Hohmann-Dennhardt Haas",1,FALSE,1
"1883"," 1 BvQ 27/02  ",2002-08-08,1,2,"Jaeger","Hömig","Hoffmann-Riem","Jaeger","Hömig","Bryde","Hoffmann-Riem Steiner Papier Hohmann-Dennhardt Haas","Bryde","Hoffmann-Riem","Jaeger Hömig Hoffmann-Riem",2,0,"1","Hoffmann-Riem Steiner Papier Hohmann-Dennhardt Haas",2,FALSE,0
"3971"," 1 BvR 1744/02  ",2002-09-30,1,2,"Hömig","Hoffmann-Riem","Bryde","Jaeger","Hömig","Bryde","Hoffmann-Riem Steiner Papier Hohmann-Dennhardt Haas","Jaeger","Hoffmann-Riem","Hömig Bryde Hoffmann-Riem",2,0,"1","Hoffmann-Riem Steiner Papier Hohmann-Dennhardt Haas",2,FALSE,0
"4104"," 2 BvR 61/03  ",2003-02-13,1,2,"Jentsch","Broß","Lübbe-Wolff","Jaeger","Hömig","Bryde","Hoffmann-Riem Haas Papier Hohmann-Dennhardt Steiner","Jaeger Hömig Bryde","Jentsch Broß Lübbe-Wolff","Hoffmann-Riem Haas Papier",1,0,NA,"Hoffmann-Riem Haas Papier Hohmann-Dennhardt Steiner",1,FALSE,NA
"5506"," 1 BvR 710/03  ",2003-04-15,1,2,"Jaeger","Hömig","Hoffmann-Riem","Jaeger","Hömig","Bryde","Hoffmann-Riem Haas Papier Hohmann-Dennhardt Steiner","Bryde","Hoffmann-Riem","Jaeger Hömig Hoffmann-Riem",2,0,"1","Hoffmann-Riem Haas Papier Hohmann-Dennhardt Steiner",2,FALSE,0
"1248"," 1 BvR 1858/04  ",2004-08-18,1,2,"Hömig","Hoffmann-Riem","Bryde","Jaeger","Hömig","Bryde","Hoffmann-Riem Haas Papier Hohmann-Dennhardt Steiner","Jaeger","Hoffmann-Riem","Hömig Bryde Hoffmann-Riem",2,0,"1","Hoffmann-Riem Haas Papier Hohmann-Dennhardt Steiner",2,FALSE,0
"4893"," 1 BvR 1506/04  ",2004-08-27,1,2,"Jaeger","Haas","Bryde","Jaeger","Hömig","Bryde","Hoffmann-Riem Haas Papier Hohmann-Dennhardt Steiner","Hömig","Haas","Jaeger Bryde Hoffmann-Riem",3,1,"2","Hoffmann-Riem Haas Papier Hohmann-Dennhardt Steiner",2,FALSE,1
"1304"," 1 BvR 1858/04  ",2005-01-26,1,2,"Papier","Steiner","Gaier","Haas","Hömig","Bryde","Hoffmann-Riem Hohmann-Dennhardt Papier Gaier Steiner","Haas Hömig Bryde","Papier Steiner Gaier","Hoffmann-Riem Hohmann-Dennhardt Papier",2,0,"3 4 5","Hoffmann-Riem Hohmann-Dennhardt Papier Gaier Steiner",1,FALSE,1
"5117"," 1 BvR 971/07  ",2007-05-14,1,2,"Hoffmann-Riem","Bryde","Schluckebier","Bryde","Eichberger","Schluckebier","Hoffmann-Riem Hohmann-Dennhardt Papier Gaier Steiner","Eichberger","Hoffmann-Riem","Bryde Schluckebier Hoffmann-Riem",2,0,"1","Hoffmann-Riem Hohmann-Dennhardt Papier Gaier Steiner",2,FALSE,0
"5713"," 1 BvQ 12/08  ",2008-03-04,1,2,"Hohmann-Dennhardt","Eichberger","Kirchhof","Hohmann-Dennhardt","Gaier","Kirchhof","Eichberger Hoffmann-Riem Papier Schluckebier Bryde","Gaier","Eichberger","Hohmann-Dennhardt Kirchhof Eichberger",1,0,"1","Eichberger Hoffmann-Riem Papier Schluckebier Bryde",1,FALSE,0
"5711"," 1 BvR 142/09  ",2009-02-11,1,2,"Hohmann-Dennhardt","Gaier","Masing","Hohmann-Dennhardt","Gaier","Kirchhof","Masing Eichberger Papier Schluckebier Bryde","Kirchhof","Masing","Hohmann-Dennhardt Gaier Masing",3,1,"1","Masing Eichberger Papier Schluckebier Bryde",3,FALSE,0
"1722"," 1 BvR 467/09  ",2009-04-14,1,2,"Hohmann-Dennhardt","Gaier","Schluckebier","Hohmann-Dennhardt","Gaier","Kirchhof","Masing Eichberger Papier Schluckebier Bryde","Kirchhof","Schluckebier","Hohmann-Dennhardt Gaier Masing",3,1,"4","Masing Eichberger Papier Schluckebier Bryde",2,FALSE,1
"3573"," 1 BvQ 35/09  ",2009-08-07,1,2,"Hohmann-Dennhardt","Bryde","Kirchhof","Hohmann-Dennhardt","Gaier","Kirchhof","Masing Eichberger Papier Schluckebier Bryde","Gaier","Bryde","Hohmann-Dennhardt Kirchhof Masing",2,0,"5","Masing Eichberger Papier Schluckebier Bryde",2,FALSE,1
"541"," 1 BvR 476/10  ",2010-03-15,1,2,"Hohmann-Dennhardt","Gaier","Kirchhof","Hohmann-Dennhardt","Gaier","Paulus","Masing Eichberger Kirchhof Schluckebier Bryde","Paulus","Kirchhof","Hohmann-Dennhardt Gaier Masing",3,1,"3","Masing Eichberger Kirchhof Schluckebier Bryde",2,FALSE,1
"1373"," 1 BvQ 23/10  ",2010-08-02,1,2,"Gaier","Eichberger","Schluckebier","Hohmann-Dennhardt","Gaier","Paulus","Masing Eichberger Kirchhof Schluckebier Bryde","Hohmann-Dennhardt Paulus","Eichberger Schluckebier","Gaier Masing Eichberger",2,0,"2 3","Masing Eichberger Schluckebier Bryde",1,FALSE,1
"5457"," 1 BvR 2157/10  ",2010-09-17,1,2,"Hohmann-Dennhardt","Gaier","Eichberger","Hohmann-Dennhardt","Gaier","Paulus","Masing Eichberger Kirchhof Schluckebier Bryde","Paulus","Eichberger","Hohmann-Dennhardt Gaier Masing",3,1,"2","Masing Eichberger Kirchhof Schluckebier Bryde",2,FALSE,1
"1526"," 1 BvR 2414/10  ",2010-09-30,1,2,"Hohmann-Dennhardt","Gaier","Eichberger","Hohmann-Dennhardt","Gaier","Paulus","Masing Eichberger Kirchhof Schluckebier Bryde","Paulus","Eichberger","Hohmann-Dennhardt Gaier Masing",3,1,"2","Masing Eichberger Kirchhof Schluckebier Bryde",2,FALSE,1
"3665"," 1 BvR 2509/10  ",2010-10-07,1,2,"Hohmann-Dennhardt","Eichberger","Schluckebier","Hohmann-Dennhardt","Gaier","Paulus","Masing Eichberger Kirchhof Schluckebier Bryde","Gaier Paulus","Eichberger Schluckebier","Hohmann-Dennhardt Masing Eichberger",2,0,"2 4","Masing Eichberger Kirchhof Schluckebier Bryde",1,FALSE,1
"1967"," 1 BvR 440/11  ",2011-02-28,1,2,"Gaier","Eichberger","Britz","Gaier","Paulus","Britz","Masing Eichberger Kirchhof Baer Schluckebier","Paulus","Eichberger","Gaier Britz Masing",3,1,"2","Masing Eichberger Kirchhof Baer Schluckebier",2,FALSE,1
"2036"," 1 BvR 153/12  ",2012-01-20,1,2,"Kirchhof","Paulus","Britz","Gaier","Paulus","Britz","Masing Eichberger Kirchhof Baer Schluckebier","Gaier","Kirchhof","Paulus Britz Masing",2,0,"3","Masing Eichberger Kirchhof Baer Schluckebier",1,FALSE,1
"2644"," 1 BvR 1766/12  ",2012-08-29,1,2,"Gaier","Schluckebier","Britz","Gaier","Paulus","Britz","Masing Eichberger Kirchhof Baer Schluckebier","Paulus","Schluckebier","Gaier Britz Masing",3,1,"5","Masing Eichberger Kirchhof Baer Schluckebier",2,FALSE,1
"68"," 1 BvL 17/12  ",2012-10-05,1,2,"Gaier","Eichberger","Britz","Gaier","Paulus","Britz","Masing Eichberger Kirchhof Baer Schluckebier","Paulus","Eichberger","Gaier Britz Masing",3,1,"2","Masing Eichberger Kirchhof Baer Schluckebier",2,FALSE,1
"785"," 1 BvQ 42/13  ",2013-09-28,1,2,"Gaier","Eichberger","Paulus","Gaier","Schluckebier","Paulus","Britz Eichberger Kirchhof Baer Masing","Schluckebier","Eichberger","Gaier Paulus Britz",2,0,"2","Britz Eichberger Kirchhof Baer",1,FALSE,1
"1397","  1 BvR 1768/15  ",2015-08-13,1,2,"Gaier","Schluckebier","Britz","Gaier","Schluckebier","Paulus","Britz Eichberger Kirchhof Baer Masing","Paulus","Britz","Gaier Schluckebier Britz",2,0,"1","Britz Eichberger Kirchhof Baer Masing",2,FALSE,0
"2073","  1 BvQ 36/15  ",2015-09-24,1,2,"Gaier","Schluckebier","Britz","Gaier","Schluckebier","Paulus","Britz Eichberger Kirchhof Baer Masing","Paulus","Britz","Gaier Schluckebier Britz",2,0,"1","Britz Eichberger Kirchhof Baer Masing",2,FALSE,0
"1307"," 1 BvR 1041/92  ",1998-03-09,1,3,"Papier","Haas","Steiner","Papier","Seibert","Haas","Steiner Jaeger Kühling Hömig Grimm","Seibert","Steiner","Papier Haas Steiner",0,1,"1","Steiner Jaeger Kühling Hömig Grimm",0,FALSE,0
"4944"," 1 BvR 672/98  ",1998-04-14,1,3,"Steiner","Jaeger","Kühling","Papier","Seibert","Haas","Steiner Jaeger Kühling Hömig Grimm","Papier Haas","Jaeger Kühling","Steiner Jaeger Kühling",2,0,"1 2","Jaeger Kühling Hömig Grimm",2,FALSE,0
"2500"," 1 BvR 650/97         1 BvR 830/98  ",1998-06-08,1,3,"Broß","DiFabio","Landau","Papier","Seibert","Haas","Steiner Jaeger Kühling Hömig Grimm","Papier Seibert Haas","Broß DiFabio Landau","Steiner Jaeger Kühling",2,0,NA,"Steiner Jaeger Kühling Hömig Grimm",0,FALSE,NA
"1162"," 1 BvR 504/97  ",1998-06-15,1,3,"Papier","Haas","Steiner","Papier","Seibert","Haas","Steiner Jaeger Kühling Hömig Grimm","Seibert","Steiner","Papier Haas Steiner",0,1,"1","Steiner Jaeger Kühling Hömig Grimm",0,FALSE,0
"1334"," 1 BvR 1909/95         1 BvR 1918/95         1 BvR 1957/95         1 BvR 2136/95         1 BvR 2138/95         1 BvR 487/96         1 BvR 993/96         1 BvR 994/96  ",1999-01-13,1,3,"Steiner","Jaeger","Kühling","Papier","Haas","Hohmann-Dennhardt","Steiner Jaeger Kühling Hömig Grimm","Papier Haas Hohmann-Dennhardt","Steiner Jaeger Kühling","Steiner Jaeger Kühling",2,0,"1 2 3","Steiner Jaeger Kühling Hömig Grimm",2,FALSE,0
"1623"," 1 BvR 984/89  ",1999-06-23,1,3,"Broß","Osterloh","Mellinghoff","Papier","Haas","Hohmann-Dennhardt","Steiner Jaeger Kühling Hömig Grimm","Papier Haas Hohmann-Dennhardt","Broß Osterloh Mellinghoff",NA,0,1,NA,"Steiner",1,FALSE,NA
"394"," 1 BvR 1403/99  ",1999-08-26,1,3,"Jaeger","Steiner","Hohmann-Dennhardt","Papier","Haas","Hohmann-Dennhardt","Steiner Jaeger Kühling Hömig Grimm","Papier Haas","Jaeger Steiner","Hohmann-Dennhardt Steiner Jaeger",2,0,"1 2","Steiner Jaeger Kühling Hömig Grimm",2,FALSE,0
"5602"," 1 BvR 1532/03  ",2003-08-20,1,3,"Steiner","Hohmann-Dennhardt","Bryde","Papier","Steiner","Hohmann-Dennhardt","Bryde Hömig Jaeger Hoffmann-Riem Haas","Papier","Bryde","Steiner Hohmann-Dennhardt Bryde",2,0,"1","Bryde Hömig Jaeger Hoffmann-Riem",2,FALSE,0
"5187"," 1 BvR 1070/02  ",2004-06-22,1,3,"Steiner","Hohmann-Dennhardt","Bryde","Papier","Steiner","Hohmann-Dennhardt","Bryde Hömig Jaeger Hoffmann-Riem Haas","Papier","Bryde","Steiner Hohmann-Dennhardt Bryde",2,0,"1","Bryde Hömig Jaeger Hoffmann-Riem Haas",2,FALSE,0
"2610"," 1 BvR 293/01  ",2004-07-27,1,3,"Steiner","Hohmann-Dennhardt","Bryde","Papier","Steiner","Hohmann-Dennhardt","Bryde Hömig Jaeger Hoffmann-Riem Haas","Papier","Bryde","Steiner Hohmann-Dennhardt Bryde",2,0,"1","Bryde Hömig Jaeger Hoffmann-Riem Haas",2,FALSE,0
"5065"," 1 BvR 136/05  ",2005-01-28,1,3,"Hömig","Hoffmann-Riem","Gaier","Papier","Steiner","Gaier","Bryde Hömig Haas Hoffmann-Riem Hohmann-Dennhardt","Papier Steiner","Hömig Hoffmann-Riem","Gaier Hömig Hoffmann-Riem",2,0,"1 2","Hömig Hoffmann-Riem Hohmann-Dennhardt",2,FALSE,0
"3853"," 1 BvR 799/98  ",2006-09-15,1,3,"Steiner","Gaier","Eichberger","Papier","Steiner","Gaier","Eichberger Bryde Haas Hoffmann-Riem Hohmann-Dennhardt","Papier","Eichberger","Steiner Gaier Eichberger",1,0,"1","Eichberger Bryde Haas Hoffmann-Riem Hohmann-Dennhardt",1,FALSE,0
"1493"," 1 BvR 690/03  ",2006-10-18,1,3,"Steiner","Gaier","Schluckebier","Papier","Steiner","Gaier","Schluckebier Eichberger Bryde Hoffmann-Riem Hohmann-Dennhardt","Papier","Schluckebier","Steiner Gaier Schluckebier",1,0,"1","Schluckebier Eichberger Bryde Hoffmann-Riem Hohmann-Dennhardt",1,FALSE,0
"5637"," 1 BvR 1696/03  ",2007-05-25,1,3,"Steiner","Gaier","Schluckebier","Papier","Steiner","Gaier","Schluckebier Eichberger Bryde Hoffmann-Riem Hohmann-Dennhardt","Papier","Schluckebier","Steiner Gaier Schluckebier",1,0,"1","Schluckebier Bryde Hoffmann-Riem Hohmann-Dennhardt",1,FALSE,0
"1221"," 1 BvR 2818/07  ",2007-11-16,1,3,"Papier","Schluckebier","Kirchhof","Papier","Gaier","Kirchhof","Schluckebier Eichberger Bryde Hoffmann-Riem Hohmann-Dennhardt","Gaier","Schluckebier","Papier Kirchhof Schluckebier",0,1,"1","Schluckebier Eichberger Bryde Hoffmann-Riem Hohmann-Dennhardt",0,FALSE,0
"4807"," 1 BvQ 37/09  ",2009-08-26,1,3,"Gaier","Schluckebier","Kirchhof","Papier","Bryde","Schluckebier","Kirchhof Gaier Hohmann-Dennhardt Masing Eichberger","Papier Bryde","Gaier Kirchhof","Schluckebier Kirchhof Gaier",1,0,"1 2","Kirchhof Gaier Hohmann-Dennhardt Masing Eichberger",1,FALSE,0
"1922"," 1 BvR 2393/08         1 BvR 2580/08         1 BvR 2606/08  ",2010-08-02,1,3,"Bryde","Schluckebier","Paulus","Kirchhof","Bryde","Schluckebier","Paulus Gaier Hohmann-Dennhardt Masing Eichberger","Kirchhof","Paulus","Bryde Schluckebier Paulus",1,0,"1","Paulus Gaier Masing Eichberger",1,FALSE,0
"3739"," 1 BvR 2658/10  ",2011-04-26,1,3,"Kirchhof","Baer","Britz","Kirchhof","Schluckebier","Baer","Britz Paulus Gaier Masing Eichberger","Schluckebier","Britz","Kirchhof Baer Britz",2,0,"1","Britz Paulus Gaier Masing Eichberger",2,FALSE,0
"4436"," 1 BvR 2018/10  ",2011-05-05,1,3,"Schluckebier","Paulus","Baer","Kirchhof","Schluckebier","Baer","Britz Paulus Gaier Masing Eichberger","Kirchhof","Paulus","Schluckebier Baer Britz",2,0,"2","Britz Paulus Gaier Masing Eichberger",1,FALSE,1
"4934"," 1 BvR 2952/08  ",2012-06-28,1,3,"Gaier","Schluckebier","Baer","Kirchhof","Schluckebier","Baer","Britz Paulus Gaier Masing Eichberger","Kirchhof","Gaier","Schluckebier Baer Britz",2,0,"3","Britz Paulus Gaier Masing Eichberger",2,FALSE,1
"152"," 1 BvR 2953/08         1 BvR 2956/08         1 BvR 2957/08         1 BvR 3488/08         1 BvR 3489/08         1 BvR 1421/09         1 BvR 1422/09         1 BvR 1423/09         1 BvR 1425/09         1 BvR 2042/09  ",2012-11-14,1,3,"Gaier","Schluckebier","Baer","Kirchhof","Schluckebier","Baer","Britz Paulus Gaier Masing Eichberger","Kirchhof","Gaier","Schluckebier Baer Britz",2,0,"2","Britz Gaier Masing Eichberger",2,FALSE,1
"4829"," 1 BvR 2519/13  ",2013-09-09,1,3,"Kirchhof","Paulus","Baer","Kirchhof","Masing","Baer","Paulus Schluckebier Gaier Britz Eichberger","Masing","Paulus","Kirchhof Baer Paulus",1,0,"1","Paulus Schluckebier Gaier Britz Eichberger",1,FALSE,0
"5319"," 1 BvR 2554/13  ",2013-09-26,1,3,"Kirchhof","Paulus","Baer","Kirchhof","Masing","Baer","Paulus Schluckebier Gaier Britz Eichberger","Masing","Paulus","Kirchhof Baer Paulus",1,0,"1","Paulus Schluckebier Gaier Britz Eichberger",1,FALSE,0
"788"," 1 BvQ 52/13  ",2013-11-08,1,3,"Kirchhof","Masing","Gaier","Kirchhof","Masing","Baer","Paulus Schluckebier Gaier Britz Eichberger","Baer","Gaier","Kirchhof Masing Paulus",1,0,"3","Paulus Schluckebier Gaier Britz Eichberger",2,FALSE,1
"155"," 1 BvR 1858/14  ",2014-07-31,1,3,"Kirchhof","Masing","Schluckebier","Kirchhof","Masing","Baer","Paulus Schluckebier Gaier Britz Eichberger","Baer","Schluckebier","Kirchhof Masing Paulus",1,0,"2","Paulus Schluckebier Gaier Britz Eichberger",1,FALSE,1
"3865"," 1 BvR 3017/11  ",2014-09-24,1,3,"Kirchhof","Paulus","Baer","Kirchhof","Masing","Baer","Paulus Schluckebier Gaier Britz Eichberger","Masing","Paulus","Kirchhof Baer Paulus",1,0,"1","Paulus Schluckebier Gaier Britz Eichberger",1,FALSE,0
"179","  1 BvQ 25/15  ",2015-07-18,1,3,"Gaier","Masing","Baer","Kirchhof","Masing","Baer","Paulus Schluckebier Gaier Britz Eichberger","Kirchhof","Gaier","Masing Baer Paulus",2,0,"3","Paulus Schluckebier Gaier Britz Eichberger",3,FALSE,1
"2530","  1 BvR 1917/15  ",2015-08-19,1,3,"Gaier","Paulus","Baer","Kirchhof","Masing","Baer","Paulus Schluckebier Gaier Britz Eichberger","Masing","Paulus","Gaier Baer Paulus",2,0,"1","Paulus Schluckebier Britz Eichberger",2,FALSE,0
"4110","  1 BvR 1983/15  ",2015-09-03,1,3,"Masing","Paulus","Baer","Kirchhof","Masing","Baer","Paulus Schluckebier Gaier Britz Eichberger","Kirchhof","Paulus","Masing Baer Paulus",2,0,"1","Paulus Schluckebier Gaier Britz Eichberger",2,FALSE,0
"482"," 1  BvR 2211 /15  ",2015-09-11,1,3,"Gaier","Masing","Baer","Kirchhof","Masing","Baer","Paulus Schluckebier Gaier Britz Eichberger","Kirchhof","Gaier","Masing Baer Paulus",2,0,"3","Paulus Schluckebier Gaier Britz Eichberger",3,FALSE,1
"5370","  1 BvQ 47/15  ",2015-12-02,1,3,"Schluckebier","Masing","Baer","Kirchhof","Masing","Baer","Paulus Schluckebier Gaier Britz Eichberger","Kirchhof","Schluckebier","Masing Baer Paulus",2,0,"2","Paulus Schluckebier Gaier Britz Eichberger",2,FALSE,1
"2731"," 2 BvR 2555/96  ",1998-05-04,2,1,"Winter","Sommer","Hassemer","Sommer","Jentsch","Hassemer","Limbach Winter Kruis Kirchhof Graßhof","Jentsch","Winter","Sommer Hassemer Limbach",3,1,"2","Limbach Winter Kruis Kirchhof Graßhof",2,FALSE,1
"4824"," 2 BvR 99/97  ",1998-07-24,2,1,"Winter","Sommer","Jentsch","Sommer","Jentsch","Hassemer","Limbach Winter Kruis Kirchhof Graßhof","Hassemer","Winter","Sommer Jentsch Limbach",2,0,"2","Limbach Winter Kruis Kirchhof Graßhof",1,FALSE,1
"4159"," 2 BvR 1328/96  ",1998-10-16,2,1,"Sommer","Hassemer","Broß","Sommer","Broß","Osterloh","Winter Hassemer Limbach Kirchhof Jentsch","Osterloh","Hassemer","Sommer Broß Winter",1,0,"2","Winter Hassemer Limbach Kirchhof Jentsch",2,FALSE,1
"2387"," 1 BvR 335/89  ",1999-12-02,2,1,"Papier","Grimm","Hömig","Sommer","Broß","Osterloh","Winter Hassemer Limbach Kirchhof Jentsch","Sommer Broß Osterloh","Papier Grimm Hömig","Hassemer Limbach Kirchhof",2,0,NA,"Hassemer Limbach Kirchhof Jentsch",1,FALSE,NA
"5141"," 2 BvR 1430/00  ",2000-08-24,2,1,"Limbach","Sommer","Broß","Sommer","Broß","Osterloh","DiFabio Winter Hassemer Limbach Jentsch","Osterloh","Limbach","Sommer Broß Limbach",2,0,"1","Limbach Jentsch",2,FALSE,0
"3717"," 2 BvR 2205/99  ",2000-12-27,2,1,"Sommer","Broß","DiFabio","Sommer","Broß","Osterloh","DiFabio Winter Hassemer Limbach Jentsch","Osterloh","DiFabio","Sommer Broß DiFabio",1,0,"1","DiFabio Hassemer Limbach",1,FALSE,0
"1388"," 2 BvR 902/00  ",2001-01-16,2,1,"Sommer","Broß","DiFabio","Sommer","Broß","Mellinghoff","DiFabio Osterloh Hassemer Limbach Jentsch","Mellinghoff","DiFabio","Sommer Broß DiFabio",1,0,"1","DiFabio Hassemer Limbach",1,FALSE,0
"607"," 2 BvR 54/04  ",2004-03-03,2,1,"Broß","DiFabio","Osterloh","Broß","DiFabio","Gerhardt","Lübbe-Wolff Jentsch Mellinghoff Osterloh Hassemer","Gerhardt","Osterloh","Broß DiFabio Lübbe-Wolff",1,0,"4","Lübbe-Wolff Jentsch Mellinghoff Osterloh Hassemer",1,FALSE,1
"641"," 2 BvQ 25/05  ",2005-09-02,2,1,"Jentsch","Broß","Lübbe-Wolff","Broß","DiFabio","Lübbe-Wolff","Gerhardt Jentsch Mellinghoff Osterloh Hassemer","DiFabio","Jentsch","Broß Lübbe-Wolff Jentsch",1,0,"1","Jentsch Mellinghoff Osterloh Hassemer",1,FALSE,0
"2665"," 2 BvR 1779/05  ",2005-12-23,2,1,"Broß","DiFabio","Landau","Hassemer","DiFabio","Landau","Gerhardt Lübbe-Wolff Broß Mellinghoff Osterloh","Hassemer","Broß","DiFabio Landau Gerhardt",1,0,"3","Gerhardt Lübbe-Wolff Broß Mellinghoff Osterloh",0,FALSE,1
"2400"," 2 BvR 2/06  ",2006-01-05,2,1,"Broß","Mellinghoff","Landau","Hassemer","DiFabio","Landau","Gerhardt Lübbe-Wolff Broß Mellinghoff Osterloh","DiFabio","Mellinghoff","Broß Landau Gerhardt",1,0,"3","Gerhardt Lübbe-Wolff Mellinghoff Osterloh",0,FALSE,1
"526"," 2 BvR 173/06  ",2006-02-23,2,1,"Hassemer","DiFabio","Gerhardt","Hassemer","DiFabio","Landau","Gerhardt Lübbe-Wolff Broß Mellinghoff Osterloh","Landau","Gerhardt","Hassemer DiFabio Gerhardt",2,0,"1","Gerhardt Lübbe-Wolff Broß Mellinghoff Osterloh",2,FALSE,0
"3686"," 2 BvR 1392/02  ",2006-06-27,2,1,"Broß","Osterloh","Mellinghoff","Hassemer","DiFabio","Landau","Gerhardt Lübbe-Wolff Broß Mellinghoff Osterloh","Hassemer DiFabio Landau","Broß Osterloh Mellinghoff","Gerhardt Lübbe-Wolff Broß",2,0,"3 4 5","Gerhardt Lübbe-Wolff Broß Mellinghoff Osterloh",1,FALSE,1
"62"," 2 BvR 513/06  ",2006-07-12,2,1,"Hassemer","DiFabio","Gerhardt","Hassemer","DiFabio","Landau","Gerhardt Lübbe-Wolff Broß Mellinghoff Osterloh","Landau","Gerhardt","Hassemer DiFabio Gerhardt",2,0,"1","Gerhardt Lübbe-Wolff Broß Mellinghoff Osterloh",2,FALSE,0
"4077"," 2 BvR 1339/06  ",2006-12-08,2,1,"Broß","Lübbe-Wolff","Gerhardt","Hassemer","DiFabio","Landau","Gerhardt Lübbe-Wolff Broß Mellinghoff Osterloh","Hassemer DiFabio Landau","Broß Lübbe-Wolff Gerhardt","Gerhardt Lübbe-Wolff Broß",2,0,"1 2 3","Gerhardt Lübbe-Wolff Broß Mellinghoff Osterloh",2,FALSE,0
"2959"," 2 BvR 1103/07  ",2008-01-14,2,1,"Hassemer","DiFabio","Gerhardt","Hassemer","DiFabio","Landau","Gerhardt Lübbe-Wolff Broß Mellinghoff Osterloh","Landau","Gerhardt","Hassemer DiFabio Gerhardt",2,0,"1","Gerhardt Lübbe-Wolff Broß Mellinghoff Osterloh",2,FALSE,0
"3516"," 2 BvR 2306/07  ",2008-05-07,2,1,"Hassemer","DiFabio","Landau","Voßkuhle","Osterloh","Mellinghoff","Landau DiFabio Broß Gerhardt Lübbe-Wolff","Voßkuhle Osterloh Mellinghoff","Hassemer DiFabio Landau","Landau DiFabio Broß",0,1,"1 2","Landau DiFabio Broß Gerhardt Lübbe-Wolff",1,FALSE,0
"5092"," 2 BvR 1448/08  ",2008-08-12,2,1,"Osterloh","Mellinghoff","Gerhardt","Voßkuhle","Osterloh","Mellinghoff","Landau DiFabio Broß Gerhardt Lübbe-Wolff","Voßkuhle","Gerhardt","Osterloh Mellinghoff Landau",1,0,"4","Landau DiFabio Broß Gerhardt Lübbe-Wolff",2,FALSE,1
"2347"," 2 BvQ 56/09  ",2009-09-08,2,1,"Osterloh","Gerhardt","Landau","Osterloh","Mellinghoff","Gerhardt","Landau DiFabio Broß Voßkuhle Lübbe-Wolff","Mellinghoff","Landau","Osterloh Gerhardt Landau",2,0,"1","Landau DiFabio Broß Voßkuhle",2,FALSE,0
"2550"," 2 BvQ 77/09  ",2009-11-05,2,1,"Broß","Osterloh","Gerhardt","Osterloh","Mellinghoff","Gerhardt","Landau DiFabio Broß Voßkuhle Lübbe-Wolff","Mellinghoff","Broß","Osterloh Gerhardt Landau",2,0,"3","Landau DiFabio Broß Voßkuhle Lübbe-Wolff",2,FALSE,1
"5286"," 2 BvR 2879/09  ",2009-12-22,2,1,"Mellinghoff","Gerhardt","Landau","Osterloh","Mellinghoff","Gerhardt","Landau DiFabio Broß Voßkuhle Lübbe-Wolff","Osterloh","Landau","Mellinghoff Gerhardt Landau",1,0,"1","Landau DiFabio Broß Voßkuhle Lübbe-Wolff",1,FALSE,0
"275"," 2 BvR 1392/10  ",2010-07-14,2,1,"Osterloh","Gerhardt","Landau","Osterloh","Mellinghoff","Gerhardt","Landau DiFabio Broß Voßkuhle Lübbe-Wolff","Mellinghoff","Landau","Osterloh Gerhardt Landau",2,0,"1","Landau DiFabio Broß Voßkuhle Lübbe-Wolff",2,FALSE,0
"3795"," 2 BvR 2435/10  ",2010-11-26,2,1,"Voßkuhle","Gerhardt","Hermanns","Voßkuhle","Gerhardt","Landau","Hermanns DiFabio Huber Lübbe-Wolff Mellinghoff","Landau","Hermanns","Voßkuhle Gerhardt Hermanns",3,1,"1","Hermanns DiFabio Huber Lübbe-Wolff Mellinghoff",3,FALSE,0
"2723","  2 BvR 2640/12  ",2015-09-11,2,1,"Voßkuhle","Landau","Kessal-Wulf","Voßkuhle","Landau","Hermanns","König Kessal-Wulf Maidowski Müller Huber","Hermanns","Kessal-Wulf","Voßkuhle Landau König",1,0,"2","König Kessal-Wulf Maidowski Müller Huber",1,FALSE,1
"1143"," 2 BvR 2560/95  ",1998-04-07,2,2,"Kruis","Winter","Hassemer","Limbach","Kruis","Winter","Kirchhof Graßhof Hassemer Jentsch Sommer","Limbach","Hassemer","Kruis Winter Kirchhof",0,1,"3","Kirchhof Graßhof Hassemer Jentsch Sommer",1,FALSE,1
"2108"," 2 BvR 1827/97  ",1998-04-07,2,2,"Kruis","Winter","Jentsch","Limbach","Kruis","Winter","Kirchhof Graßhof Hassemer Jentsch Sommer","Limbach","Jentsch","Kruis Winter Kirchhof",0,1,"4","Kirchhof Graßhof Hassemer Jentsch Sommer",0,FALSE,1
"4903"," 2 BvR 61/96  ",1998-05-12,2,2,"Kruis","Winter","Hassemer","Limbach","Kruis","Winter","Kirchhof Graßhof Hassemer Jentsch Sommer","Limbach","Hassemer","Kruis Winter Kirchhof",0,1,"3","Kirchhof Graßhof Hassemer Jentsch Sommer",1,FALSE,1
"3120"," 2 BvQ 37/98 ",1998-12-29,2,2,"Winter","Jentsch","Broß","Limbach","Winter","Hassemer","Kirchhof Jentsch Osterloh Broß Sommer","Limbach Hassemer","Jentsch Broß","Winter Kirchhof Jentsch",0,1,"2 4","Kirchhof Jentsch Osterloh Broß Sommer",0,FALSE,1
"1284"," 2 BvR 398/99  ",1999-03-22,2,2,"Papier","Steiner","Hoffmann-Riem","Limbach","Winter","Hassemer","Kirchhof Jentsch Osterloh Broß Sommer","Limbach Winter Hassemer","Papier Steiner Hoffmann-Riem","Kirchhof Jentsch Osterloh",1,0,NA,"Kirchhof Jentsch Osterloh Broß Sommer",1,FALSE,NA
"3872"," 2 BvR 938/98  ",1999-03-22,2,2,"Gaier","Schluckebier","Paulus","Limbach","Winter","Hassemer","Kirchhof Jentsch Osterloh Broß Sommer","Limbach Winter Hassemer","Gaier Schluckebier Paulus","Kirchhof Jentsch Osterloh",1,0,NA,"Kirchhof Jentsch Osterloh Broß Sommer",1,FALSE,NA
"2545"," 2 BvR 514/99  ",1999-03-30,2,2,"Winter","Jentsch","Osterloh","Limbach","Winter","Hassemer","Kirchhof Jentsch Osterloh Broß Sommer","Limbach Hassemer","Jentsch Osterloh","Winter Kirchhof Jentsch",0,1,"2 3","Kirchhof Jentsch Osterloh Broß Sommer",1,FALSE,1
"774"," 2 BvR 1132/97  ",1999-04-14,2,2,"Limbach","Jentsch","Hassemer","Limbach","Winter","Hassemer","Kirchhof Jentsch Osterloh Broß Sommer","Winter","Jentsch","Limbach Hassemer Kirchhof",2,0,"2","Kirchhof Jentsch Osterloh Broß Sommer",2,FALSE,1
"1689"," 2 BvR 2324/97  ",1999-05-07,2,2,"Limbach","Jentsch","Hassemer","Limbach","Winter","Hassemer","Kirchhof Jentsch Osterloh Broß Sommer","Winter","Jentsch","Limbach Hassemer Kirchhof",2,0,"2","Kirchhof Jentsch Osterloh Broß Sommer",2,FALSE,1
"4343"," 2 BvR 116/99  ",1999-05-15,2,2,"Limbach","Hassemer","Jentsch","Limbach","Winter","Hassemer","Kirchhof Jentsch Osterloh Broß Sommer","Winter","Jentsch","Limbach Hassemer Kirchhof",2,0,"2","Kirchhof Jentsch Osterloh Broß Sommer",2,FALSE,1
"4355"," 2 BvR 867/99  ",1999-06-17,2,2,"Limbach","Hassemer","Broß","Limbach","Winter","Hassemer","Kirchhof Jentsch Osterloh Broß Sommer","Winter","Broß","Limbach Hassemer Kirchhof",2,0,"4","Kirchhof Jentsch Osterloh Broß Sommer",2,FALSE,1
"5123"," 2 BvR 1454/98  ",1999-06-17,2,2,"Limbach","Hassemer","Jentsch","Limbach","Winter","Hassemer","Kirchhof Jentsch Osterloh Broß Sommer","Winter","Jentsch","Limbach Hassemer Kirchhof",2,0,"2","Kirchhof Jentsch Osterloh Broß Sommer",2,FALSE,1
"3876"," 2 BvR 762/98  ",1999-06-23,2,2,"Papier","Bryde","Schluckebier","Limbach","Winter","Hassemer","Kirchhof Jentsch Osterloh Broß Sommer","Limbach Winter Hassemer","Papier Bryde Schluckebier","Kirchhof Jentsch Osterloh",1,0,NA,"Kirchhof Jentsch Osterloh Broß Sommer",1,FALSE,NA
"2810"," 2 BvQ 28/99  ",1999-06-24,2,2,"Limbach","Hassemer","Broß","Limbach","Winter","Hassemer","Kirchhof Jentsch Osterloh Broß Sommer","Winter","Broß","Limbach Hassemer Kirchhof",2,0,"4","Kirchhof Jentsch Osterloh Broß Sommer",2,FALSE,1
"388"," 2 BvR 1067/99  ",1999-06-30,2,2,"Limbach","Jentsch","Hassemer","Limbach","Winter","Hassemer","Kirchhof Jentsch Osterloh Broß Sommer","Winter","Jentsch","Limbach Hassemer Kirchhof",2,0,"2","Kirchhof Jentsch Osterloh Broß Sommer",2,FALSE,1
"4274"," 2 BvR 1368/98  ",1999-07-04,2,2,"Kirchhof","Eichberger","Britz","Limbach","Winter","Hassemer","Kirchhof Jentsch Osterloh Broß Sommer","Limbach Winter Hassemer","Kirchhof Eichberger Britz","Kirchhof Jentsch Osterloh",1,0,"1","Kirchhof Jentsch Osterloh Broß Sommer",1,FALSE,0
"1647"," 2 BvQ 34/99  ",1999-08-06,2,2,"Limbach","Jentsch","Hassemer","Limbach","Winter","Hassemer","Kirchhof Jentsch Osterloh Broß Sommer","Winter","Jentsch","Limbach Hassemer Jentsch",2,0,"1","Jentsch Osterloh Broß Sommer",2,FALSE,0
"4357"," 2 BvQ 30/99  ",1999-08-20,2,2,"Jentsch","Hassemer","Broß","Limbach","Winter","Hassemer","Kirchhof Jentsch Osterloh Broß Sommer","Limbach","Broß","Jentsch Hassemer Kirchhof",1,0,"3","Kirchhof Osterloh Broß Sommer",1,FALSE,1
"188"," 2 BvR 1897/95         2 BvR 3000/95  ",1999-09-28,2,2,"Papier","Steiner","Hohmann-Dennhardt","Limbach","Winter","Hassemer","Kirchhof Jentsch Osterloh Broß Sommer","Limbach Winter Hassemer","Papier Steiner Hohmann-Dennhardt","Kirchhof Jentsch Osterloh",1,0,NA,"Kirchhof Jentsch Osterloh Broß Sommer",1,FALSE,NA
"2017"," 2 BvR 1919/99  ",1999-10-24,2,2,"Papier","Haas","Hohmann-Dennhardt","Limbach","Winter","Hassemer","Kirchhof Jentsch Osterloh Broß Sommer","Limbach Winter Hassemer","Papier Haas Hohmann-Dennhardt","Kirchhof Jentsch Osterloh",1,0,NA,"Kirchhof Jentsch Osterloh Broß Sommer",1,FALSE,NA
"3046"," 2 BvR 2039/99  ",1999-11-03,2,2,"Limbach","Jentsch","Hassemer","Limbach","Winter","Hassemer","Kirchhof Jentsch Osterloh Broß Sommer","Winter","Jentsch","Limbach Hassemer Kirchhof",2,0,"2","Kirchhof Jentsch Osterloh Broß Sommer",2,FALSE,1
"3640"," 2 BvR 1041/00  ",2000-07-25,2,2,"Sommer","Broß","Osterloh","Sommer","Osterloh","DiFabio","Winter Hassemer Limbach Jentsch Broß","DiFabio","Broß","Sommer Osterloh Hassemer",3,1,"4","Hassemer Limbach Jentsch Broß",2,FALSE,1
"1561"," 2 BvR 1363/00  ",2000-08-22,2,2,"Sommer","Jentsch","Broß","Sommer","Osterloh","DiFabio","Winter Hassemer Limbach Jentsch Broß","Osterloh","Jentsch","Sommer Broß Limbach",2,0,"2","Limbach Jentsch",1,FALSE,1
"97"," 2 BvR 1301/01  ",2001-08-17,2,2,"Sommer","Jentsch","Broß","Sommer","Osterloh","DiFabio","Mellinghoff Hassemer Limbach Jentsch Broß","Osterloh DiFabio","Jentsch Broß","Sommer Hassemer Limbach",3,1,"3 4","Hassemer Limbach Jentsch Broß",1,FALSE,1
"2316"," 2 BvQ 32/02  ",2002-06-14,2,2,"Sommer","Jentsch","Osterloh","Jentsch","Broß","Lübbe-Wolff","Mellinghoff Osterloh Hassemer DiFabio Sommer","Broß Lübbe-Wolff","Sommer Osterloh","Jentsch Mellinghoff Osterloh",1,0,"2 5","Mellinghoff Osterloh Hassemer DiFabio Sommer",2,FALSE,1
"1714"," 2 BvR 1332/02  ",2002-08-30,2,2,"Jentsch","Broß","Mellinghoff","Jentsch","Broß","Lübbe-Wolff","Mellinghoff Osterloh Hassemer DiFabio Sommer","Lübbe-Wolff","Mellinghoff","Jentsch Broß Mellinghoff",0,1,"1","Mellinghoff Hassemer DiFabio Sommer",0,FALSE,0
"4785"," 2 BvR 530/03  ",2003-05-06,2,2,"Hassemer","Broß","Lübbe-Wolff","Jentsch","Broß","Lübbe-Wolff","Mellinghoff Osterloh Hassemer DiFabio Sommer","Jentsch","Hassemer","Broß Lübbe-Wolff Mellinghoff",1,0,"3","Mellinghoff Osterloh Hassemer DiFabio Sommer",2,FALSE,1
"3570"," 2 BvR 911/03  ",2003-08-27,2,2,"Jentsch","Broß","Gerhardt","Jentsch","Broß","Lübbe-Wolff","Mellinghoff Osterloh Hassemer Gerhardt DiFabio","Lübbe-Wolff","Gerhardt","Jentsch Broß Mellinghoff",0,1,"4","Mellinghoff Osterloh Hassemer Gerhardt DiFabio",1,FALSE,1
"4474"," 2 BvR 1324/03  ",2003-08-27,2,2,"Jentsch","Broß","Osterloh","Jentsch","Broß","Lübbe-Wolff","Mellinghoff Osterloh Hassemer Gerhardt DiFabio","Lübbe-Wolff","Osterloh","Jentsch Broß Mellinghoff",0,1,"2","Mellinghoff Osterloh Hassemer Gerhardt DiFabio",1,FALSE,1
"4702"," 2 BvR 917/02  ",2004-01-29,2,2,"Hassemer","Osterloh","Mellinghoff","Jentsch","Broß","Lübbe-Wolff","Mellinghoff Osterloh Hassemer Gerhardt DiFabio","Jentsch Broß Lübbe-Wolff","Hassemer Osterloh Mellinghoff","Mellinghoff Osterloh Hassemer",2,0,"1 2 3","Mellinghoff Osterloh Hassemer Gerhardt DiFabio",2,FALSE,0
"1450"," 2 BvR 1357/05  ",2005-08-18,2,2,"Hassemer","Jentsch","Broß","Jentsch","Broß","Gerhardt","Mellinghoff Osterloh Hassemer Lübbe-Wolff DiFabio","Gerhardt","Hassemer","Jentsch Broß Mellinghoff",0,1,"3","Mellinghoff Osterloh Hassemer Lübbe-Wolff DiFabio",1,FALSE,1
"5132"," 2 BvR 1651/03  ",2005-09-26,2,2,"Broß","DiFabio","Lübbe-Wolff","Jentsch","Broß","Gerhardt","Mellinghoff Osterloh Hassemer Lübbe-Wolff DiFabio","Jentsch Gerhardt","DiFabio Lübbe-Wolff","Broß Mellinghoff Osterloh",1,0,"4 5","Mellinghoff Osterloh Hassemer Lübbe-Wolff DiFabio",1,FALSE,1
"2266"," 2 BvQ 22/06  ",2006-04-12,2,2,"Osterloh","Lübbe-Wolff","Gerhardt","Broß","Lübbe-Wolff","Gerhardt","Mellinghoff Osterloh Landau DiFabio Hassemer","Broß","Osterloh","Lübbe-Wolff Gerhardt Mellinghoff",2,0,"2","Mellinghoff Osterloh Landau DiFabio Hassemer",3,FALSE,1
"1166"," 2 BvR 699/06  ",2006-04-15,2,2,"Osterloh","Mellinghoff","Lübbe-Wolff","Broß","Lübbe-Wolff","Gerhardt","Mellinghoff Osterloh Landau DiFabio Hassemer","Gerhardt","Mellinghoff","Osterloh Lübbe-Wolff Mellinghoff",2,0,"1","Mellinghoff Landau DiFabio Hassemer",2,FALSE,0
"5512"," 2 BvR 620/03  ",2006-11-08,2,2,"Hassemer","DiFabio","Landau","Broß","Lübbe-Wolff","Gerhardt","Mellinghoff Osterloh Landau DiFabio Hassemer","Broß Lübbe-Wolff Gerhardt","Hassemer DiFabio Landau","Mellinghoff Osterloh Landau",1,0,"3 4 5","Mellinghoff Osterloh Landau DiFabio Hassemer",1,FALSE,1
"2312"," 2 BvR 214/08  ",2008-02-04,2,2,"Osterloh","Mellinghoff","Lübbe-Wolff","Broß","Lübbe-Wolff","Gerhardt","Mellinghoff Osterloh Landau DiFabio Hassemer","Broß Gerhardt","Osterloh Mellinghoff","Lübbe-Wolff Mellinghoff Osterloh",2,0,"1 2","Mellinghoff Osterloh Landau DiFabio Hassemer",2,FALSE,0
"3439"," 2 BvR 733/08  ",2008-05-09,2,2,"DiFabio","Gerhardt","Landau","Broß","DiFabio","Landau","Gerhardt Lübbe-Wolff Mellinghoff Voßkuhle Osterloh","Broß","Gerhardt","DiFabio Landau Gerhardt",1,0,"1","Gerhardt Lübbe-Wolff",1,FALSE,0
"1648","2 BvR 287/09  ",2009-02-19,2,2,"DiFabio","Lübbe-Wolff","Landau","Broß","DiFabio","Landau","Voßkuhle Lübbe-Wolff Mellinghoff Gerhardt Osterloh","Broß","Lübbe-Wolff","DiFabio Landau Voßkuhle",1,0,"2","Voßkuhle Lübbe-Wolff Mellinghoff Gerhardt Osterloh",1,FALSE,1
"2672"," 2 BvR 542/09  ",2009-07-23,2,2,"Broß","Lübbe-Wolff","Landau","Broß","DiFabio","Landau","Voßkuhle Lübbe-Wolff Mellinghoff Gerhardt Osterloh","DiFabio","Lübbe-Wolff","Broß Landau Voßkuhle",1,0,"2","Voßkuhle Lübbe-Wolff Mellinghoff Gerhardt Osterloh",1,FALSE,1
"246"," 2 BvR 343/09  ",2009-08-11,2,2,"Broß","DiFabio","Lübbe-Wolff","Broß","DiFabio","Landau","Voßkuhle Lübbe-Wolff Mellinghoff Gerhardt Osterloh","Landau","Lübbe-Wolff","Broß DiFabio Voßkuhle",1,0,"2","Voßkuhle Lübbe-Wolff Mellinghoff Gerhardt Osterloh",1,FALSE,1
"1074"," 2 BvR 2307/06  ",2010-02-04,2,2,"Broß","DiFabio","Gerhardt","Broß","DiFabio","Landau","Voßkuhle Lübbe-Wolff Mellinghoff Gerhardt Osterloh","Landau","Gerhardt","Broß DiFabio Voßkuhle",1,0,"4","Voßkuhle Lübbe-Wolff Mellinghoff Gerhardt Osterloh",1,FALSE,1
"370"," 2 BvR 571/10  ",2010-06-30,2,2,"DiFabio","Lübbe-Wolff","Landau","Broß","DiFabio","Landau","Voßkuhle Lübbe-Wolff Mellinghoff Gerhardt Osterloh","Broß","Lübbe-Wolff","DiFabio Landau Voßkuhle",1,0,"2","Voßkuhle Lübbe-Wolff Mellinghoff Gerhardt Osterloh",1,FALSE,1
"5229"," 2 BvL 12/09  ",2010-11-16,2,2,"Broß","DiFabio","Landau","DiFabio","Gerhardt","Hermanns","Huber Lübbe-Wolff Mellinghoff Landau Voßkuhle","Gerhardt Hermanns","Broß Landau","DiFabio Huber Lübbe-Wolff",1,0,"4","Huber Lübbe-Wolff Mellinghoff Landau Voßkuhle",0,FALSE,1
"5466"," 2 BvR 947/11  ",2011-09-22,2,2,"Kirchhof","Schluckebier","Baer","DiFabio","Gerhardt","Hermanns","Huber Lübbe-Wolff Mellinghoff Landau Voßkuhle","DiFabio Gerhardt Hermanns","Kirchhof Schluckebier Baer","Huber Lübbe-Wolff Landau",1,0,NA,"Huber Lübbe-Wolff Landau Voßkuhle",1,FALSE,NA
"1008"," 2 BvR 1010/10         2 BvR 1219/10  ",2011-10-11,2,2,"Gerhardt","Huber","Hermanns","DiFabio","Gerhardt","Hermanns","Huber Lübbe-Wolff Mellinghoff Landau Voßkuhle","DiFabio","Huber","Gerhardt Hermanns Huber",2,0,"1","Huber Lübbe-Wolff Mellinghoff Landau Voßkuhle",2,FALSE,0
"2927"," 2 BvQ 50/12  ",2012-11-23,2,2,"Lübbe-Wolff","Gerhardt","Müller","Gerhardt","Hermanns","Müller","Kessal-Wulf Huber Lübbe-Wolff Landau Voßkuhle","Hermanns","Lübbe-Wolff","Gerhardt Müller Kessal-Wulf",1,0,"3","Kessal-Wulf Huber Lübbe-Wolff Landau Voßkuhle",2,FALSE,1
"2654"," 2 BvR 85/13  ",2013-06-30,2,2,"Lübbe-Wolff","Landau","Kessal-Wulf","Gerhardt","Hermanns","Müller","Kessal-Wulf Landau Lübbe-Wolff Huber Voßkuhle","Gerhardt Hermanns Müller","Lübbe-Wolff Landau Kessal-Wulf","Kessal-Wulf Landau Lübbe-Wolff",1,0,"1 2 3","Kessal-Wulf Landau Lübbe-Wolff Huber Voßkuhle",1,FALSE,0
"3098","  2 BvR 1698/12  ",2014-08-12,2,2,"Landau","König","Maidowski","Landau","Kessal-Wulf","König","Maidowski Müller Huber Hermanns Voßkuhle","Kessal-Wulf","Maidowski","Landau König Maidowski",0,1,"1","Maidowski Müller Huber Hermanns Voßkuhle",0,FALSE,0
"3064","  2 BvR 1513/14  ",2014-08-18,2,2,"Landau","Müller","König","Landau","Kessal-Wulf","König","Maidowski Müller Huber Hermanns Voßkuhle","Kessal-Wulf","Müller","Landau König Maidowski",0,1,"2","Maidowski Müller Huber Hermanns Voßkuhle",0,FALSE,1
"5672","  2 BvR 869/15  ",2015-05-29,2,2,"Hermanns","Kessal-Wulf","König","Landau","Kessal-Wulf","König","Maidowski Müller Huber Hermanns Voßkuhle","Landau","Hermanns","Kessal-Wulf König Maidowski",0,1,"4","Maidowski Müller Huber Hermanns Voßkuhle",1,FALSE,1
"5682"," 2 BvR 1180/15  ",2015-08-12,2,2,"Landau","König","Maidowski","Landau","Kessal-Wulf","König","Maidowski Müller Huber Hermanns Voßkuhle","Kessal-Wulf","Maidowski","Landau König Maidowski",0,1,"1","Maidowski Müller Huber Hermanns Voßkuhle",0,FALSE,0
"343","  2 BvR 2343/14  ",2015-09-02,2,2,"Müller","Kessal-Wulf","Maidowski","Landau","Kessal-Wulf","König","Maidowski Müller Huber Hermanns Voßkuhle","Landau König","Müller Maidowski","Kessal-Wulf Maidowski Müller",0,1,"1 2","Maidowski Müller Huber Hermanns Voßkuhle",0,FALSE,0
"2906"," 2 BvR 1206/98  ",1998-07-31,2,3,"Kirchhof","Jentsch","Graßhof","Limbach","Graßhof","Kirchhof","Hassemer Jentsch Sommer Winter Kruis","Limbach","Jentsch","Kirchhof Graßhof Jentsch",1,0,"1","Jentsch Sommer Winter Kruis",1,FALSE,0
"4961"," 2 BvQ 28/98  ",1998-08-11,2,3,"Limbach","Graßhof","Sommer","Limbach","Graßhof","Kirchhof","Hassemer Jentsch Sommer Winter Kruis","Kirchhof","Sommer","Limbach Graßhof Hassemer",3,1,"3","Hassemer Jentsch Sommer Winter Kruis",3,FALSE,1
"1913"," 2 BvR 559/99  ",1999-03-31,2,3,"Kirchhof","Jentsch","Osterloh","Limbach","Kirchhof","Jentsch","Osterloh Broß Sommer Winter Hassemer","Limbach","Osterloh","Kirchhof Jentsch Osterloh",1,0,"1","Osterloh Broß Sommer Winter",1,FALSE,0
"4697"," 2 BvR 1313/93  ",1999-07-11,2,3,"Papier","Bryde","Schluckebier","Limbach","Kirchhof","Jentsch","Osterloh Broß Sommer Winter Hassemer","Limbach Kirchhof Jentsch","Papier Bryde Schluckebier","Osterloh Broß Sommer",2,0,NA,"Osterloh Broß Sommer",1,FALSE,NA
"5226"," 2 BvR 1177/99  ",1999-07-26,2,3,"Limbach","Jentsch","Osterloh","Limbach","Kirchhof","Jentsch","Osterloh Broß Sommer Winter Hassemer","Kirchhof","Osterloh","Limbach Jentsch Osterloh",2,0,"1","Osterloh Broß Sommer",2,FALSE,0
"822"," 2 BvR 1461/99  ",1999-08-13,2,3,"Limbach","Sommer","Jentsch","Limbach","Kirchhof","Jentsch","Osterloh Broß Sommer Winter Hassemer","Kirchhof","Sommer","Limbach Jentsch Osterloh",2,0,"3","Osterloh Broß Sommer Hassemer",2,FALSE,1
"3124"," 2 BvR 1307/99  ",1999-08-16,2,3,"Sommer","Jentsch","Broß","Limbach","Kirchhof","Jentsch","Osterloh Broß Sommer Winter Hassemer","Limbach","Broß","Sommer Jentsch Osterloh",2,0,"2","Osterloh Broß Hassemer",1,FALSE,1
"1704"," 2 BvR 2414/99  ",2000-01-11,2,3,"Hassemer","Broß","DiFabio","Limbach","Winter","Hassemer","DiFabio Jentsch Osterloh Broß Sommer","Limbach Winter","BroßDiFabio BroßDiFabio","Hassemer Broß DiFabio BroßDiFabio Jentsch",1,0,"1","BroßDiFabio Jentsch",1,FALSE,0
"437"," 2 BvR 2352/99  ",2000-02-24,2,3,"Hassemer","Broß","DiFabio","Limbach","Winter","Hassemer","DiFabio Jentsch Osterloh Broß Sommer","Limbach Winter","BroßDiFabio BroßDiFabio","Hassemer Broß DiFabio BroßDiFabio Jentsch",1,0,"1","BroßDiFabio Jentsch Osterloh Sommer",1,FALSE,0
"3823"," 2 BvR 1261/00  ",2000-07-31,2,3,"Hassemer","Broß","Osterloh","Limbach","Winter","Hassemer","DiFabio Jentsch Osterloh Broß Sommer","Limbach","Osterloh",NA,1,0,NA,NA,2,FALSE,NA
"4874"," 2 BvR 1372/00  ",2000-08-21,2,3,"Limbach","Sommer","Broß","Limbach","Winter","Hassemer","DiFabio Jentsch Osterloh Broß Sommer","Hassemer","Sommer","Limbach Broß BroßDiFabio",1,0,"4","BroßDiFabio Jentsch Osterloh Sommer",2,FALSE,1
"2037"," 2 BvQ 30/01  ",2001-08-01,2,3,"Hassemer","DiFabio","Mellinghoff","Limbach","Hassemer","Mellinghoff","DiFabio Jentsch Broß Sommer Osterloh","Limbach","DiFabio","Hassemer Mellinghoff DiFabio",1,0,"1","DiFabio Jentsch Broß Sommer Osterloh",1,FALSE,0
"3755"," 2 BvR 1349/01  ",2001-08-14,2,3,"Limbach","Jentsch","Hassemer","Limbach","Hassemer","Mellinghoff","DiFabio Jentsch Broß Sommer Osterloh","Mellinghoff","Jentsch","Limbach Hassemer DiFabio",2,0,"2","DiFabio Jentsch Broß Sommer Osterloh",2,FALSE,1
"1984"," 2 BvR 1523/01  ",2001-09-10,2,3,"Limbach","Hassemer","Osterloh","Limbach","Hassemer","Mellinghoff","DiFabio Jentsch Broß Sommer Osterloh","Mellinghoff","Osterloh","Limbach Hassemer DiFabio",2,0,"5","DiFabio Jentsch Broß Sommer Osterloh",3,FALSE,1
"74"," 2 BvR 1349/01  ",2001-09-20,2,3,"Hassemer","Broß","Mellinghoff","Limbach","Hassemer","Mellinghoff","DiFabio Jentsch Broß Sommer Osterloh","Limbach","Broß","Hassemer Mellinghoff DiFabio",1,0,"3","DiFabio Jentsch Broß Sommer Osterloh",1,FALSE,1
"5639"," 2 BvQ 7/02  ",2002-01-30,2,3,"Limbach","Hassemer","DiFabio","Limbach","Hassemer","Mellinghoff","DiFabio Jentsch Broß Sommer Osterloh","Mellinghoff","DiFabio","Limbach Hassemer DiFabio",2,0,"1","DiFabio Jentsch Broß Sommer Osterloh",2,FALSE,0
"3579"," 2 BvR 397/02  ",2002-03-21,2,3,"Sommer","Hassemer","Osterloh","Limbach","Hassemer","Mellinghoff","DiFabio Jentsch Broß Sommer Osterloh","Limbach Mellinghoff","Sommer Osterloh","Hassemer DiFabio Jentsch",1,0,"4 5","DiFabio Jentsch Broß Sommer Osterloh",3,FALSE,1
"3464"," 2 BvQ 31/02         2 BvR 909/02  ",2002-06-20,2,3,"Sommer","Osterloh","Mellinghoff","Hassemer","Osterloh","Mellinghoff","Lübbe-Wolff DiFabio Sommer Broß Jentsch","Hassemer","Sommer","Osterloh Mellinghoff DiFabio",1,0,"2","DiFabio Sommer Jentsch",2,FALSE,1
"4738"," 2 BvR 932/02  ",2002-08-12,2,3,"Hassemer","Sommer","Broß","Hassemer","Osterloh","Mellinghoff","Lübbe-Wolff DiFabio Sommer Broß Jentsch","Osterloh Mellinghoff","Sommer Broß","Hassemer Lübbe-Wolff DiFabio",2,0,"3 4","Lübbe-Wolff DiFabio Sommer Broß Jentsch",2,FALSE,1
"5410"," 2 BvR 1570/00  ",2002-12-10,2,3,"Hassemer","Osterloh","Lübbe-Wolff","Hassemer","Osterloh","Mellinghoff","Lübbe-Wolff DiFabio Sommer Broß Jentsch","Mellinghoff","Lübbe-Wolff","Hassemer Osterloh Lübbe-Wolff",3,1,"1","Lübbe-Wolff DiFabio Sommer Broß Jentsch",3,FALSE,0
"4090"," 2 BvR 2045/02  ",2003-01-02,2,3,"Hassemer","Broß","Mellinghoff","Hassemer","Osterloh","Mellinghoff","Lübbe-Wolff DiFabio Sommer Broß Jentsch","Osterloh","Broß","Hassemer Mellinghoff Lübbe-Wolff",2,0,"4","Lübbe-Wolff DiFabio Sommer Broß Jentsch",1,FALSE,1
"4980"," 2 BvR 1802/02  ",2004-06-03,2,3,"Osterloh","Mellinghoff","Gerhardt","Hassemer","Osterloh","Mellinghoff","Gerhardt DiFabio Broß Lübbe-Wolff Jentsch","Hassemer","Gerhardt","Osterloh Mellinghoff Gerhardt",2,0,"1","Gerhardt DiFabio Broß Lübbe-Wolff Jentsch",2,FALSE,0
"1615"," 2 BvR 2057/05  ",2005-12-29,2,3,"Broß","Osterloh","Landau","Broß","Osterloh","Mellinghoff","Landau DiFabio Hassemer Gerhardt Lübbe-Wolff","Mellinghoff","Landau","Broß Osterloh Landau",1,0,"1","Landau DiFabio Gerhardt Lübbe-Wolff",1,FALSE,0
"4325"," 2 BvR 619/06  ",2006-04-06,2,3,"Osterloh","Mellinghoff","Landau","Broß","Osterloh","Mellinghoff","Landau DiFabio Hassemer Gerhardt Lübbe-Wolff","Broß","Landau","Osterloh Mellinghoff Landau",1,0,"1","Landau DiFabio Hassemer Gerhardt Lübbe-Wolff",1,FALSE,0
"5380"," 2 BvR 375/00  ",2006-07-14,2,3,"Broß","Osterloh","Landau","Broß","Osterloh","Mellinghoff","Landau DiFabio Hassemer Gerhardt Lübbe-Wolff","Mellinghoff","Landau","Broß Osterloh Landau",1,0,"1","Landau DiFabio Hassemer Gerhardt Lübbe-Wolff",1,FALSE,0
"4786"," 2 BvR 1552/06  ",2006-08-24,2,3,"DiFabio","Mellinghoff","Gerhardt","Broß","Osterloh","Mellinghoff","Landau DiFabio Hassemer Gerhardt Lübbe-Wolff","Broß Osterloh","DiFabio Gerhardt","Mellinghoff Landau DiFabio",0,1,"2 4","Landau DiFabio Hassemer Gerhardt Lübbe-Wolff",1,FALSE,1
"5707"," 2 BvR 1609/07  ",2007-08-08,2,3,"Broß","Mellinghoff","Landau","Broß","Osterloh","Mellinghoff","Landau DiFabio Hassemer Gerhardt Lübbe-Wolff","Osterloh","Landau","Broß Mellinghoff Landau",0,1,"1","Landau DiFabio Hassemer Gerhardt Lübbe-Wolff",0,FALSE,0
"5234"," 2 BvR 1485/07  ",2007-08-15,2,3,"Broß","Mellinghoff","Gerhardt","Broß","Osterloh","Mellinghoff","Landau DiFabio Hassemer Gerhardt Lübbe-Wolff","Osterloh","Gerhardt","Broß Mellinghoff Landau",0,1,"4","Landau DiFabio Hassemer Gerhardt Lübbe-Wolff",1,FALSE,1
"1065"," 2 BvR 1794/08  ",2008-09-03,2,3,"Voßkuhle","Mellinghoff","Lübbe-Wolff","Mellinghoff","Lübbe-Wolff","Gerhardt","Voßkuhle Osterloh Landau DiFabio Broß","Gerhardt","Voßkuhle","Mellinghoff Lübbe-Wolff Voßkuhle",2,0,"1","Voßkuhle Osterloh Landau DiFabio Broß",2,FALSE,0
"5225"," 2 BvR 1274/09  ",2009-07-30,2,3,"Voßkuhle","Mellinghoff","Gerhardt","Voßkuhle","Mellinghoff","Lübbe-Wolff","Gerhardt Osterloh Landau DiFabio Broß","Lübbe-Wolff","Gerhardt","Voßkuhle Mellinghoff Gerhardt",2,0,"1","Gerhardt Osterloh Landau Broß",2,FALSE,0
"2643"," 2 BvQ 45/09  ",2009-07-31,2,3,"Voßkuhle","DiFabio","Mellinghoff","Voßkuhle","Mellinghoff","Lübbe-Wolff","Gerhardt Osterloh Landau DiFabio Broß","Lübbe-Wolff","DiFabio","Voßkuhle Mellinghoff Gerhardt",2,0,"4","Gerhardt Osterloh Landau DiFabio Broß",1,FALSE,1
"766"," 2 BvR 1898/09  ",2009-08-24,2,3,"Mellinghoff","Lübbe-Wolff","Gerhardt","Voßkuhle","Mellinghoff","Lübbe-Wolff","Gerhardt Osterloh Landau DiFabio Broß","Voßkuhle","Gerhardt","Mellinghoff Lübbe-Wolff Gerhardt",2,0,"1","Gerhardt Osterloh Landau DiFabio Broß",2,FALSE,0
"22"," 2 BvQ 57/09  ",2009-09-08,2,3,"Voßkuhle","Osterloh","Gerhardt","Voßkuhle","Mellinghoff","Lübbe-Wolff","Gerhardt Osterloh Landau DiFabio Broß","Mellinghoff Lübbe-Wolff","Osterloh Gerhardt","Voßkuhle Gerhardt Osterloh",3,1,"1 2","Gerhardt Osterloh Landau DiFabio Broß",3,FALSE,0
"1672"," 2 BvR 1978/09  ",2009-12-15,2,3,"Gaier","Paulus","Britz","Voßkuhle","Mellinghoff","Lübbe-Wolff","Gerhardt Osterloh Landau DiFabio Broß","Voßkuhle Mellinghoff Lübbe-Wolff","Gaier Paulus Britz","Gerhardt Osterloh Landau",2,0,NA,"Gerhardt Osterloh Landau DiFabio Broß",2,FALSE,NA
"3941"," 2 BvR 1646/10  ",2010-08-05,2,3,"Voßkuhle","Mellinghoff","Gerhardt","Voßkuhle","Mellinghoff","Lübbe-Wolff","Gerhardt Osterloh Landau DiFabio Broß","Lübbe-Wolff","Gerhardt","Voßkuhle Mellinghoff Gerhardt",2,0,"1","Gerhardt Osterloh Landau DiFabio Broß",2,FALSE,0
"1271"," 2 BvR 1762/10  ",2010-08-16,2,3,"Voßkuhle","Mellinghoff","Gerhardt","Voßkuhle","Mellinghoff","Lübbe-Wolff","Gerhardt Osterloh Landau DiFabio Broß","Lübbe-Wolff","Gerhardt","Voßkuhle Mellinghoff Gerhardt",2,0,"1","Gerhardt Osterloh Landau DiFabio Broß",2,FALSE,0
"4639"," 2 BvQ 56/10  ",2010-08-23,2,3,"Voßkuhle","Lübbe-Wolff","Gerhardt","Voßkuhle","Mellinghoff","Lübbe-Wolff","Gerhardt Osterloh Landau DiFabio Broß","Mellinghoff","Gerhardt","Voßkuhle Lübbe-Wolff Gerhardt",3,1,"1","Gerhardt Osterloh Landau DiFabio Broß",3,FALSE,0
"316"," 2 BvR 633/11  ",2011-04-21,2,3,"Mellinghoff","Lübbe-Wolff","Landau","Mellinghoff","Lübbe-Wolff","Huber","Landau Gerhardt Voßkuhle Hermanns DiFabio","Huber","Landau","Mellinghoff Lübbe-Wolff Landau",1,0,"1","Landau Gerhardt Voßkuhle Hermanns DiFabio",1,FALSE,0
"3541"," 2 BvR 942/11  ",2011-05-17,2,3,"Mellinghoff","Landau","Huber","Mellinghoff","Lübbe-Wolff","Huber","Landau Gerhardt Voßkuhle Hermanns DiFabio","Lübbe-Wolff","Landau","Mellinghoff Huber Landau",0,1,"1","Landau Gerhardt Voßkuhle Hermanns DiFabio",0,FALSE,0
"726"," 2 BvR 1516/11  ",2011-09-15,2,3,"Lübbe-Wolff","Landau","Huber","Mellinghoff","Lübbe-Wolff","Huber","Landau Gerhardt Voßkuhle Hermanns DiFabio","Mellinghoff","Landau","Lübbe-Wolff Huber Landau",1,0,"1","Landau Gerhardt Voßkuhle Hermanns DiFabio",1,FALSE,0
"1232"," 2 BvR 858/11  ",2011-10-28,2,3,"Lübbe-Wolff","Landau","Huber","Mellinghoff","Lübbe-Wolff","Huber","Landau Gerhardt Voßkuhle Hermanns DiFabio","Mellinghoff","Landau","Lübbe-Wolff Huber Landau",1,0,"1","Landau Gerhardt Voßkuhle Hermanns",1,FALSE,0
"2587"," 2 BvR 611/12  ",2012-05-31,2,3,"Lübbe-Wolff","Gerhardt","Huber","Lübbe-Wolff","Huber","Kessal-Wulf","Landau Gerhardt Voßkuhle Müller Hermanns","Kessal-Wulf","Gerhardt","Lübbe-Wolff Huber Landau",1,0,"2","Landau Gerhardt Voßkuhle Müller Hermanns",2,FALSE,1
"4954","  2 BvR 878/14  ",2014-06-04,2,3,"Huber","Kessal-Wulf","König","Landau","Kessal-Wulf","König","Huber Gerhardt Voßkuhle Müller Hermanns","Landau","Huber","Kessal-Wulf König Huber",0,1,"1","Huber Gerhardt Voßkuhle Müller Hermanns",0,FALSE,0
"3498","  2 BvR 2343/14  ",2014-10-14,2,3,"Landau","Müller","Maidowski","Huber","Müller","Maidowski","Hermanns Landau Voßkuhle König Kessal-Wulf","Huber","Landau","Müller Maidowski Hermanns",1,0,"2","Hermanns Landau Voßkuhle König Kessal-Wulf",0,FALSE,1
"2377","  2 BvR 2735/14  ",2014-11-27,2,3,"Huber","Hermanns","Müller","Huber","Müller","Maidowski","Hermanns Landau Voßkuhle König Kessal-Wulf","Maidowski","Hermanns","Huber Müller Hermanns",1,0,"1","Hermanns Landau Voßkuhle König Kessal-Wulf",1,FALSE,0
"39","  2 BvQ 43/15  ",2015-11-27,2,3,"Landau","Müller","Kessal-Wulf","Huber","Müller","Maidowski","Hermanns Landau Voßkuhle König Kessal-Wulf","Huber Maidowski","Landau Kessal-Wulf","Müller Hermanns Landau",1,0,"2 5","Hermanns Landau Voßkuhle König Kessal-Wulf",0,FALSE,1
"1789"," 2 BvR 2318/97         2 BvR 2415/99  ",2000-12-21,2,4,"Limbach","Broß","DiFabio","Limbach","Jentsch","DiFabio","Osterloh Broß Sommer Winter Hassemer","Jentsch","Broß","Limbach DiFabio Osterloh",2,0,"2","Osterloh Broß Sommer Hassemer",1,FALSE,1
